District,District Number,TEA District Type,TEA Description,NCES District Type,NCES Description,Charter School (Y/N)
A W BROWN LEADERSHIP ACADEMY,057816,I,Charter School Districts,11,City-Large,Y
A+ ACADEMY,057829,I,Charter School Districts,11,City-Large,Y
A+ UNLIMITED POTENTIAL,101871,I,Charter School Districts,11,City-Large,Y
ABBOTT ISD,109901,H,Rural,42,Rural-Distant,N
ABERNATHY ISD,095901,H,Rural,31,Town-Fringe,N
ABILENE ISD,221901,C,Other Central City,12,City-Midsize,N
ACADEMY FOR ACADEMIC EXCELLENCE,057814,I,Charter School Districts,11,City-Large,Y
ACADEMY ISD,014901,F,Non-metropolitan Fast Growing,41,Rural-Fringe,N
ACADEMY OF ACCELERATED LEARNING IN,101810,I,Charter School Districts,11,City-Large,Y
ACADEMY OF DALLAS,057810,I,Charter School Districts,11,City-Large,Y
ACCELERATED INTERMEDIATE ACADEMY,101849,I,Charter School Districts,11,City-Large,Y
ADRIAN ISD,180903,H,Rural,43,Rural-Remote,N
ADVANTAGE ACADEMY,057806,I,Charter School Districts,21,Suburb-Large,Y
AGUA DULCE ISD,178901,H,Rural,42,Rural-Distant,N
ALAMO HEIGHTS ISD,015901,B,Major Suburban,21,Suburb-Large,N
ALBA-GOLDEN ISD,250906,H,Rural,42,Rural-Distant,N
ALBANY ISD,209901,H,Rural,43,Rural-Remote,N
ALDINE ISD,101902,B,Major Suburban,21,Suburb-Large,N
ALEDO ISD,184907,B,Major Suburban,41,Rural-Fringe,N
ALICE ISD,125901,E,Independent Town,32,Town-Distant,N
ALIEF ISD,101903,B,Major Suburban,11,City-Large,N
ALIEF MONTESSORI COMMUNITY SCHOOL,101815,I,Charter School Districts,11,City-Large,Y
ALLEN ISD,043901,D,Other Central City Suburban,21,Suburb-Large,N
ALPINE ISD,022901,G,Non-metropolitan Stable,33,Town-Remote,N
ALTO ISD,037901,H,Rural,42,Rural-Distant,N
ALVARADO ISD,126901,D,Other Central City Suburban,41,Rural-Fringe,N
ALVIN ISD,020901,B,Major Suburban,21,Suburb-Large,N
ALVORD ISD,249901,H,Rural,42,Rural-Distant,N
AMARILLO ISD,188901,C,Other Central City,12,City-Midsize,N
AMBASSADORS PREPARATORY ACADEMY,084804,I,Charter School Districts,31,Town-Fringe,Y
AMHERST ISD,140901,H,Rural,42,Rural-Distant,N
AMIGOS POR VIDA-FRIENDS FOR LIFE P,101819,I,Charter School Districts,11,City-Large,Y
ANAHUAC ISD,036901,D,Other Central City Suburban,42,Rural-Distant,N
ANDERSON-SHIRO CISD,093901,E,Independent Town,42,Rural-Distant,N
ANDREWS ISD,002901,D,Other Central City Suburban,32,Town-Distant,N
ANGLETON ISD,020902,D,Other Central City Suburban,41,Rural-Fringe,N
ANNA ISD,043902,F,Non-metropolitan Fast Growing,41,Rural-Fringe,N
ANSON ISD,127901,H,Rural,42,Rural-Distant,N
ANTHONY ISD,071906,H,Rural,21,Suburb-Large,N
ANTON ISD,110901,H,Rural,42,Rural-Distant,N
APPLE SPRINGS ISD,228905,H,Rural,42,Rural-Distant,N
AQUILLA ISD,109912,F,Non-metropolitan Fast Growing,42,Rural-Distant,N
ARANSAS COUNTY ISD,004901,G,Non-metropolitan Stable,32,Town-Distant,N
ARANSAS PASS ISD,205901,D,Other Central City Suburban,31,Town-Fringe,N
ARCHER CITY ISD,005901,H,Rural,42,Rural-Distant,N
ARGYLE ISD,061910,D,Other Central City Suburban,41,Rural-Fringe,N
ARISTOI CLASSICAL ACADEMY,101803,I,Charter School Districts,21,Suburb-Large,Y
ARLINGTON CLASSICS ACADEMY,220802,I,Charter School Districts,21,Suburb-Large,Y
ARLINGTON ISD,220901,A,Major Urban,11,City-Large,N
ARP ISD,212901,H,Rural,42,Rural-Distant,N
ARROW ACADEMY,021805,I,Charter School Districts,11,City-Large,Y
ASPERMONT ISD,217901,H,Rural,43,Rural-Remote,N
ATHENS ISD,107901,E,Independent Town,32,Town-Distant,N
ATLANTA ISD,034901,E,Independent Town,41,Rural-Fringe,N
AUBREY ISD,061907,D,Other Central City Suburban,41,Rural-Fringe,N
AUSTIN ACHIEVE PUBLIC SCHOOLS,227825,I,Charter School Districts,11,City-Large,Y
AUSTIN DISCOVERY SCHOOL,227821,I,Charter School Districts,11,City-Large,Y
AUSTIN ISD,227901,A,Major Urban,11,City-Large,N
AUSTWELL-TIVOLI ISD,196901,H,Rural,42,Rural-Distant,N
AVALON ISD,070901,H,Rural,42,Rural-Distant,N
AVERY ISD,194902,H,Rural,43,Rural-Remote,N
AVINGER ISD,034902,H,Rural,42,Rural-Distant,N
AXTELL ISD,161918,H,Rural,42,Rural-Distant,N
AZLE ISD,220915,B,Major Suburban,21,Suburb-Large,N
BAIRD ISD,030903,H,Rural,42,Rural-Distant,N
BALLINGER ISD,200901,G,Non-metropolitan Stable,41,Rural-Fringe,N
BALMORHEA ISD,195902,H,Rural,43,Rural-Remote,N
BANDERA ISD,010902,B,Major Suburban,42,Rural-Distant,N
BANGS ISD,025901,H,Rural,42,Rural-Distant,N
BANQUETE ISD,178913,H,Rural,42,Rural-Distant,N
BARBERS HILL ISD,036902,D,Other Central City Suburban,41,Rural-Fringe,N
BARTLETT ISD,014902,H,Rural,32,Town-Distant,N
BASIS TEXAS,015834,I,Charter School Districts,11,City-Large,Y
BASTROP ISD,011901,E,Independent Town,42,Rural-Distant,N
BAY CITY ISD,158901,E,Independent Town,32,Town-Distant,N
BEATRICE MAYES INSTITUTE CHARTER S,101847,I,Charter School Districts,11,City-Large,Y
BEAUMONT ISD,123910,C,Other Central City,12,City-Midsize,N
BECKVILLE ISD,183901,H,Rural,42,Rural-Distant,N
BEEVILLE ISD,013901,E,Independent Town,32,Town-Distant,N
BELLEVUE ISD,039904,H,Rural,42,Rural-Distant,N
BELLS ISD,091901,H,Rural,42,Rural-Distant,N
BELLVILLE ISD,008901,E,Independent Town,32,Town-Distant,N
BELTON ISD,014903,D,Other Central City Suburban,23,Suburb-Small,N
BEN BOLT-PALITO BLANCO ISD,125902,H,Rural,42,Rural-Distant,N
BENAVIDES ISD,066901,H,Rural,43,Rural-Remote,N
BENJAMIN ISD,138904,H,Rural,43,Rural-Remote,N
BETA ACADEMY,101870,I,Charter School Districts,11,City-Large,Y
BETTY M CONDRA SCHOOL FOR EDUCATIO,152806,I,Charter School Districts,11,City-Large,Y
BEXAR COUNTY ACADEMY,015809,I,Charter School Districts,11,City-Large,Y
BIG SANDY ISD,187901,H,Rural,43,Rural-Remote,N
BIG SANDY ISD,230901,H,Rural,42,Rural-Distant,N
BIG SPRING ISD,114901,E,Independent Town,32,Town-Distant,N
BIG SPRINGS CHARTER SCHOOL,193801,I,Charter School Districts,43,Rural-Remote,Y
BIRDVILLE ISD,220902,B,Major Suburban,21,Suburb-Large,N
BISHOP CISD,178902,G,Non-metropolitan Stable,32,Town-Distant,N
BLACKWELL CISD,177903,H,Rural,43,Rural-Remote,N
BLANCO ISD,016902,G,Non-metropolitan Stable,42,Rural-Distant,N
BLAND ISD,116915,F,Non-metropolitan Fast Growing,42,Rural-Distant,N
BLANKET ISD,025904,H,Rural,42,Rural-Distant,N
BLOOM ACADEMY CHARTER SCHOOL,101875,I,Charter School Districts,11,City-Large,Y
BLOOMBURG ISD,034909,H,Rural,42,Rural-Distant,N
BLOOMING GROVE ISD,175902,D,Other Central City Suburban,42,Rural-Distant,N
BLOOMINGTON ISD,235901,H,Rural,42,Rural-Distant,N
BLUE RIDGE ISD,043917,F,Non-metropolitan Fast Growing,42,Rural-Distant,N
BLUFF DALE ISD,072904,H,Rural,43,Rural-Remote,N
BLUM ISD,109913,H,Rural,42,Rural-Distant,N
BOB HOPE SCHOOL,123807,I,Charter School Districts,13,City-Small,Y
BOERNE ISD,130901,B,Major Suburban,41,Rural-Fringe,N
BOLES ISD,116916,H,Rural,41,Rural-Fringe,N
BOLING ISD,241901,D,Other Central City Suburban,42,Rural-Distant,N
BONHAM ISD,074903,E,Independent Town,32,Town-Distant,N
BOOKER ISD,148901,H,Rural,43,Rural-Remote,N
BORDEN COUNTY ISD,017901,H,Rural,43,Rural-Remote,N
BORGER ISD,117901,G,Non-metropolitan Stable,32,Town-Distant,N
BOSQUEVILLE ISD,161923,H,Rural,41,Rural-Fringe,N
BOVINA ISD,185901,H,Rural,43,Rural-Remote,N
BOWIE ISD,169901,G,Non-metropolitan Stable,33,Town-Remote,N
BOYD ISD,249902,G,Non-metropolitan Stable,42,Rural-Distant,N
BOYS RANCH ISD,180901,H,Rural,43,Rural-Remote,N
BRACKETT ISD,136901,H,Rural,33,Town-Remote,N
BRADY ISD,160901,G,Non-metropolitan Stable,41,Rural-Fringe,N
BRAZOS ISD,008903,H,Rural,42,Rural-Distant,N
BRAZOS RIVER CHARTER SCHOOL,213801,I,Charter School Districts,42,Rural-Distant,Y
BRAZOS SCHOOL FOR INQUIRY & CREATI,021803,I,Charter School Districts,11,City-Large,Y
BRAZOSPORT ISD,020905,C,Other Central City,23,Suburb-Small,N
BRECKENRIDGE ISD,215901,G,Non-metropolitan Stable,33,Town-Remote,N
BREMOND ISD,198901,H,Rural,43,Rural-Remote,N
BRENHAM ISD,239901,E,Independent Town,32,Town-Distant,N
BRIDGE CITY ISD,181901,G,Non-metropolitan Stable,41,Rural-Fringe,N
BRIDGEPORT ISD,249903,G,Non-metropolitan Stable,41,Rural-Fringe,N
BRIDGEWAY PREPARATORY ACADEMY,057851,I,Charter School Districts,21,Suburb-Large,Y
BROADDUS ISD,203902,H,Rural,43,Rural-Remote,N
BROCK ISD,184909,D,Other Central City Suburban,42,Rural-Distant,N
BRONTE ISD,041901,H,Rural,43,Rural-Remote,N
BROOKELAND ISD,121902,H,Rural,43,Rural-Remote,N
BROOKESMITH ISD,025908,H,Rural,43,Rural-Remote,N
BROOKS ACADEMIES OF TEXAS,015830,I,Charter School Districts,11,City-Large,Y
BROOKS COUNTY ISD,024901,D,Other Central City Suburban,33,Town-Remote,N
BROWNFIELD ISD,223901,G,Non-metropolitan Stable,32,Town-Distant,N
BROWNSBORO ISD,107902,D,Other Central City Suburban,42,Rural-Distant,N
BROWNSVILLE ISD,031901,C,Other Central City,12,City-Midsize,N
BROWNWOOD ISD,025902,E,Independent Town,33,Town-Remote,N
BRUCEVILLE-EDDY ISD,161919,H,Rural,42,Rural-Distant,N
BRYAN ISD,021902,C,Other Central City,13,City-Small,N
BRYSON ISD,119901,H,Rural,43,Rural-Remote,N
BUCKHOLTS ISD,166907,H,Rural,42,Rural-Distant,N
BUENA VISTA ISD,186901,H,Rural,43,Rural-Remote,N
BUFFALO ISD,145901,G,Non-metropolitan Stable,43,Rural-Remote,N
BULLARD ISD,212902,D,Other Central City Suburban,41,Rural-Fringe,N
BUNA ISD,121903,G,Non-metropolitan Stable,42,Rural-Distant,N
BURKBURNETT ISD,243901,D,Other Central City Suburban,31,Town-Fringe,N
BURKEVILLE ISD,176901,H,Rural,43,Rural-Remote,N
BURLESON ISD,126902,C,Other Central City,21,Suburb-Large,N
BURNET CISD,027903,D,Other Central City Suburban,41,Rural-Fringe,N
BURNHAM WOOD CHARTER SCHOOL DISTRI,071801,I,Charter School Districts,11,City-Large,Y
BURTON ISD,239903,F,Non-metropolitan Fast Growing,42,Rural-Distant,N
BUSHLAND ISD,188904,D,Other Central City Suburban,41,Rural-Fringe,N
BYNUM ISD,109902,H,Rural,42,Rural-Distant,N
CADDO MILLS ISD,116901,F,Non-metropolitan Fast Growing,42,Rural-Distant,N
CALALLEN ISD,178903,G,Non-metropolitan Stable,11,City-Large,N
CALDWELL ISD,026901,D,Other Central City Suburban,41,Rural-Fringe,N
CALHOUN COUNTY ISD,029901,G,Non-metropolitan Stable,32,Town-Distant,N
CALLISBURG ISD,049905,G,Non-metropolitan Stable,42,Rural-Distant,N
CALVERT ISD,198902,H,Rural,42,Rural-Distant,N
CALVIN NELMS CHARTER SCHOOLS,101837,I,Charter School Districts,21,Suburb-Large,Y
CAMERON ISD,166901,E,Independent Town,41,Rural-Fringe,N
CAMPBELL ISD,116910,H,Rural,42,Rural-Distant,N
CANADIAN ISD,106901,H,Rural,33,Town-Remote,N
CANTON ISD,234902,E,Independent Town,32,Town-Distant,N
CANUTILLO ISD,071907,B,Major Suburban,11,City-Large,N
CANYON ISD,191901,C,Other Central City,12,City-Midsize,N
CARLISLE ISD,201913,H,Rural,42,Rural-Distant,N
CARRIZO SPRINGS CISD,064903,D,Other Central City Suburban,33,Town-Remote,N
CARROLL ISD,220919,B,Major Suburban,21,Suburb-Large,N
CARROLLTON-FARMERS BRANCH ISD,057903,B,Major Suburban,21,Suburb-Large,N
CARTHAGE ISD,183902,G,Non-metropolitan Stable,32,Town-Distant,N
CASTLEBERRY ISD,220917,B,Major Suburban,21,Suburb-Large,N
CAYUGA ISD,001902,H,Rural,43,Rural-Remote,N
CEDAR HILL ISD,057904,B,Major Suburban,21,Suburb-Large,N
CEDARS INTERNATIONAL ACADEMY,227817,I,Charter School Districts,11,City-Large,Y
CELESTE ISD,116902,H,Rural,42,Rural-Distant,N
CELINA ISD,043903,F,Non-metropolitan Fast Growing,41,Rural-Fringe,N
CENTER ISD,210901,G,Non-metropolitan Stable,33,Town-Remote,N
CENTER POINT ISD,133901,H,Rural,42,Rural-Distant,N
CENTERVILLE ISD,145902,H,Rural,43,Rural-Remote,N
CENTERVILLE ISD,228904,H,Rural,43,Rural-Remote,N
CENTRAL HEIGHTS ISD,174908,G,Non-metropolitan Stable,41,Rural-Fringe,N
CENTRAL ISD,003907,G,Non-metropolitan Stable,41,Rural-Fringe,N
CHANNELVIEW ISD,101905,B,Major Suburban,21,Suburb-Large,N
CHANNING ISD,103901,H,Rural,43,Rural-Remote,N
CHAPARRAL STAR ACADEMY,227814,I,Charter School Districts,21,Suburb-Large,Y
CHAPEL HILL ACADEMY,220815,I,Charter School Districts,11,City-Large,Y
CHAPEL HILL ISD,212909,D,Other Central City Suburban,41,Rural-Fringe,N
CHAPEL HILL ISD,225906,G,Non-metropolitan Stable,42,Rural-Distant,N
CHARLOTTE ISD,007901,H,Rural,42,Rural-Distant,N
CHEROKEE ISD,206903,H,Rural,43,Rural-Remote,N
CHESTER ISD,229906,H,Rural,43,Rural-Remote,N
CHICO ISD,249904,H,Rural,42,Rural-Distant,N
CHILDRESS ISD,038901,G,Non-metropolitan Stable,33,Town-Remote,N
CHILLICOTHE ISD,099902,H,Rural,43,Rural-Remote,N
CHILTON ISD,073901,H,Rural,42,Rural-Distant,N
CHINA SPRING ISD,161920,D,Other Central City Suburban,41,Rural-Fringe,N
CHIRENO ISD,174901,H,Rural,43,Rural-Remote,N
CHISUM ISD,139905,G,Non-metropolitan Stable,41,Rural-Fringe,N
CHRISTOVAL ISD,226901,H,Rural,42,Rural-Distant,N
CISCO ISD,067902,H,Rural,33,Town-Remote,N
CITY VIEW ISD,243906,D,Other Central City Suburban,12,City-Midsize,N
CITYSCAPE SCHOOLS,057841,I,Charter School Districts,11,City-Large,Y
CLARENDON ISD,065901,H,Rural,43,Rural-Remote,N
CLARKSVILLE ISD,194904,H,Rural,33,Town-Remote,N
CLAUDE ISD,006902,H,Rural,42,Rural-Distant,N
CLEAR CREEK ISD,084910,B,Major Suburban,21,Suburb-Large,N
CLEBURNE ISD,126903,D,Other Central City Suburban,41,Rural-Fringe,N
CLEVELAND ISD,146901,D,Other Central City Suburban,31,Town-Fringe,N
CLIFTON ISD,018901,G,Non-metropolitan Stable,32,Town-Distant,N
CLINT ISD,071901,B,Major Suburban,21,Suburb-Large,N
CLYDE CISD,030902,D,Other Central City Suburban,32,Town-Distant,N
COAHOMA ISD,114902,F,Non-metropolitan Fast Growing,42,Rural-Distant,N
COLDSPRING-OAKHURST CISD,204901,E,Independent Town,42,Rural-Distant,N
COLEMAN ISD,042901,H,Rural,33,Town-Remote,N
COLLEGE STATION ISD,021901,C,Other Central City,12,City-Midsize,N
COLLINSVILLE ISD,091902,H,Rural,42,Rural-Distant,N
COLMESNEIL ISD,229901,F,Non-metropolitan Fast Growing,42,Rural-Distant,N
COLORADO ISD,168901,G,Non-metropolitan Stable,41,Rural-Fringe,N
COLUMBIA-BRAZORIA ISD,020907,D,Other Central City Suburban,32,Town-Distant,N
COLUMBUS ISD,045902,G,Non-metropolitan Stable,33,Town-Remote,N
COMAL ISD,046902,B,Major Suburban,41,Rural-Fringe,N
COMANCHE ISD,047901,G,Non-metropolitan Stable,41,Rural-Fringe,N
COMFORT ISD,130902,E,Independent Town,32,Town-Distant,N
COMMERCE ISD,116903,G,Non-metropolitan Stable,41,Rural-Fringe,N
COMMUNITY ISD,043918,D,Other Central City Suburban,41,Rural-Fringe,N
COMO-PICKTON CISD,112908,H,Rural,42,Rural-Distant,N
COMPASS ACADEMY CHARTER SCHOOL,068802,I,Charter School Districts,12,City-Midsize,Y
COMPASS ROSE ACADEMY,015838,I,Charter School Districts,11,City-Large,Y
COMQUEST ACADEMY,101842,I,Charter School Districts,21,Suburb-Large,Y
COMSTOCK ISD,233903,H,Rural,43,Rural-Remote,N
CONNALLY ISD,161921,D,Other Central City Suburban,22,Suburb-Midsize,N
CONROE ISD,170902,C,Other Central City,13,City-Small,N
COOLIDGE ISD,147901,H,Rural,42,Rural-Distant,N
COOPER ISD,060902,H,Rural,43,Rural-Remote,N
COPPELL ISD,057922,B,Major Suburban,21,Suburb-Large,N
COPPERAS COVE ISD,050910,D,Other Central City Suburban,22,Suburb-Midsize,N
CORPUS CHRISTI ISD,178904,C,Other Central City,11,City-Large,N
CORPUS CHRISTI MONTESSORI SCHOOL,178807,I,Charter School Districts,11,City-Large,Y
CORRIGAN-CAMDEN ISD,187904,H,Rural,43,Rural-Remote,N
CORSICANA ISD,175903,D,Other Central City Suburban,32,Town-Distant,N
COTTON CENTER ISD,095902,H,Rural,42,Rural-Distant,N
COTULLA ISD,142901,D,Other Central City Suburban,33,Town-Remote,N
COUPLAND ISD,246914,H,Rural,42,Rural-Distant,N
COVINGTON ISD,109903,H,Rural,42,Rural-Distant,N
CRANDALL ISD,129901,B,Major Suburban,41,Rural-Fringe,N
CRANE ISD,052901,D,Other Central City Suburban,32,Town-Distant,N
CRANFILLS GAP ISD,018908,H,Rural,43,Rural-Remote,N
CRAWFORD ISD,161901,H,Rural,42,Rural-Distant,N
CROCKETT COUNTY CONSOLIDATED CSD,053001,H,Rural,33,Town-Remote,N
CROCKETT ISD,113901,G,Non-metropolitan Stable,33,Town-Remote,N
CROSBY ISD,101906,B,Major Suburban,41,Rural-Fringe,N
CROSBYTON CISD,054901,H,Rural,43,Rural-Remote,N
CROSS PLAINS ISD,030901,H,Rural,43,Rural-Remote,N
CROSS ROADS ISD,107904,H,Rural,42,Rural-Distant,N
CROSSTIMBERS ACADEMY,184801,I,Charter School Districts,41,Rural-Fringe,Y
CROWELL ISD,078901,H,Rural,43,Rural-Remote,N
CROWLEY ISD,220912,B,Major Suburban,11,City-Large,N
CRYSTAL CITY ISD,254901,G,Non-metropolitan Stable,33,Town-Remote,N
CUERO ISD,062901,G,Non-metropolitan Stable,32,Town-Distant,N
CULBERSON COUNTY-ALLAMOORE ISD,055901,H,Rural,43,Rural-Remote,N
CUMBERLAND ACADEMY,212801,I,Charter School Districts,12,City-Midsize,Y
CUMBY ISD,112905,H,Rural,42,Rural-Distant,N
CUSHING ISD,174902,H,Rural,43,Rural-Remote,N
CYPRESS-FAIRBANKS ISD,101907,B,Major Suburban,21,Suburb-Large,N
D'HANIS ISD,163902,H,Rural,42,Rural-Distant,N
DAINGERFIELD-LONE STAR ISD,172902,G,Non-metropolitan Stable,32,Town-Distant,N
DALHART ISD,056901,G,Non-metropolitan Stable,41,Rural-Fringe,N
DALLAS ISD,057905,A,Major Urban,11,City-Large,N
DAMON ISD,020910,H,Rural,42,Rural-Distant,N
DANBURY ISD,020904,H,Rural,41,Rural-Fringe,N
DARROUZETT ISD,148905,H,Rural,43,Rural-Remote,N
DAWSON ISD,058902,H,Rural,43,Rural-Remote,N
DAWSON ISD,175904,F,Non-metropolitan Fast Growing,43,Rural-Remote,N
DAYTON ISD,146902,E,Independent Town,32,Town-Distant,N
DE LEON ISD,047902,H,Rural,43,Rural-Remote,N
DECATUR ISD,249905,E,Independent Town,32,Town-Distant,N
DEER PARK ISD,101908,B,Major Suburban,21,Suburb-Large,N
DEKALB ISD,019901,H,Rural,42,Rural-Distant,N
DEL VALLE ISD,227910,B,Major Suburban,41,Rural-Fringe,N
DELL CITY ISD,115903,H,Rural,43,Rural-Remote,N
DENISON ISD,091903,D,Other Central City Suburban,13,City-Small,N
DENTON ISD,061901,C,Other Central City,12,City-Midsize,N
DENVER CITY ISD,251901,G,Non-metropolitan Stable,33,Town-Remote,N
DESOTO ISD,057906,B,Major Suburban,21,Suburb-Large,N
DETROIT ISD,194905,H,Rural,43,Rural-Remote,N
DEVERS ISD,146903,H,Rural,42,Rural-Distant,N
DEVINE ISD,163901,E,Independent Town,41,Rural-Fringe,N
DEW ISD,081906,H,Rural,42,Rural-Distant,N
DEWEYVILLE ISD,176903,H,Rural,42,Rural-Distant,N
DIBOLL ISD,003905,G,Non-metropolitan Stable,33,Town-Remote,N
DICKINSON ISD,084901,C,Other Central City,22,Suburb-Midsize,N
DILLEY ISD,082902,G,Non-metropolitan Stable,41,Rural-Fringe,N
DIME BOX ISD,144903,H,Rural,43,Rural-Remote,N
DIMMITT ISD,035901,D,Other Central City Suburban,33,Town-Remote,N
DIVIDE ISD,133905,H,Rural,43,Rural-Remote,N
DODD CITY ISD,074904,H,Rural,42,Rural-Distant,N
DONNA ISD,108902,D,Other Central City Suburban,21,Suburb-Large,N
DOSS CONSOLIDATED CSD,086024,H,Rural,43,Rural-Remote,N
DOUGLASS ISD,174911,H,Rural,43,Rural-Remote,N
DR M L GARZA-GONZALEZ CHARTER SCHO,178801,I,Charter School Districts,11,City-Large,Y
DRAW ACADEMY,101856,I,Charter School Districts,11,City-Large,Y
DRIPPING SPRINGS ISD,105904,B,Major Suburban,42,Rural-Distant,N
DRISCOLL ISD,178905,H,Rural,42,Rural-Distant,N
DUBLIN ISD,072902,G,Non-metropolitan Stable,41,Rural-Fringe,N
DUMAS ISD,171901,G,Non-metropolitan Stable,33,Town-Remote,N
DUNCANVILLE ISD,057907,B,Major Suburban,21,Suburb-Large,N
EAGLE MT-SAGINAW ISD,220918,B,Major Suburban,11,City-Large,N
EAGLE PASS ISD,159901,D,Other Central City Suburban,33,Town-Remote,N
EANES ISD,227909,B,Major Suburban,21,Suburb-Large,N
EARLY ISD,025909,G,Non-metropolitan Stable,33,Town-Remote,N
EAST BERNARD ISD,241902,D,Other Central City Suburban,42,Rural-Distant,N
EAST CENTRAL ISD,015911,B,Major Suburban,41,Rural-Fringe,N
EAST CHAMBERS ISD,036903,E,Independent Town,32,Town-Distant,N
EAST FORT WORTH MONTESSORI ACADEMY,220811,I,Charter School Districts,11,City-Large,Y
EAST TEXAS CHARTER SCHOOLS,092801,I,Charter School Districts,13,City-Small,Y
EASTLAND ISD,067903,G,Non-metropolitan Stable,33,Town-Remote,N
ECTOR COUNTY ISD,068901,C,Other Central City,12,City-Midsize,N
ECTOR ISD,074905,H,Rural,41,Rural-Fringe,N
EDCOUCH-ELSA ISD,108903,D,Other Central City Suburban,21,Suburb-Large,N
EDEN CISD,048901,H,Rural,43,Rural-Remote,N
EDGEWOOD ISD,015905,B,Major Suburban,11,City-Large,N
EDGEWOOD ISD,234903,G,Non-metropolitan Stable,42,Rural-Distant,N
EDINBURG CISD,108904,C,Other Central City,13,City-Small,N
EDNA ISD,120901,G,Non-metropolitan Stable,32,Town-Distant,N
EDUCATION CENTER INTERNATIONAL ACA,057833,I,Charter School Districts,21,Suburb-Large,Y
EHRHART SCHOOL,123805,I,Charter School Districts,12,City-Midsize,Y
EL CAMPO ISD,241903,E,Independent Town,32,Town-Distant,N
EL PASO ACADEMY,071804,I,Charter School Districts,11,City-Large,Y
EL PASO ISD,071902,A,Major Urban,11,City-Large,N
EL PASO LEADERSHIP ACADEMY,071810,I,Charter School Districts,11,City-Large,Y
ELEANOR KOLITZ HEBREW LANGUAGE ACA,015836,I,Charter School Districts,11,City-Large,Y
ELECTRA ISD,243902,H,Rural,32,Town-Distant,N
ELEVATE COLLEGIATE CHARTER SCHOOL,101877,N/A,N/A,11,City-Large,Y
ELGIN ISD,011902,G,Non-metropolitan Stable,41,Rural-Fringe,N
ELKHART ISD,001903,G,Non-metropolitan Stable,42,Rural-Distant,N
ELYSIAN FIELDS ISD,102906,H,Rural,42,Rural-Distant,N
ENNIS ISD,070903,D,Other Central City Suburban,41,Rural-Fringe,N
ERA ISD,049906,H,Rural,42,Rural-Distant,N
ERATH EXCELS ACADEMY INC,072802,I,Charter School Districts,41,Rural-Fringe,Y
ETOILE ACADEMY CHARTER SCHOOL,101872,I,Charter School Districts,11,City-Large,Y
ETOILE ISD,174910,H,Rural,43,Rural-Remote,N
EULA ISD,030906,H,Rural,42,Rural-Distant,N
EUSTACE ISD,107905,G,Non-metropolitan Stable,42,Rural-Distant,N
EVADALE ISD,121906,H,Rural,42,Rural-Distant,N
EVANT ISD,050901,H,Rural,43,Rural-Remote,N
EVERMAN ISD,220904,B,Major Suburban,21,Suburb-Large,N
EVOLUTION ACADEMY CHARTER SCHOOL,057834,I,Charter School Districts,12,City-Midsize,Y
EXCEL ACADEMY,101811,I,Charter School Districts,11,City-Large,Y
EXCELLENCE IN LEADERSHIP ACADEMY,108809,I,Charter School Districts,13,City-Small,Y
EXCELSIOR ISD,210906,H,Rural,43,Rural-Remote,N
EZZELL ISD,143906,H,Rural,43,Rural-Remote,N
FABENS ISD,071903,G,Non-metropolitan Stable,31,Town-Fringe,N
FAIRFIELD ISD,081902,G,Non-metropolitan Stable,33,Town-Remote,N
FALLS CITY ISD,128904,H,Rural,42,Rural-Distant,N
FANNINDEL ISD,060914,H,Rural,43,Rural-Remote,N
FARMERSVILLE ISD,043904,G,Non-metropolitan Stable,31,Town-Fringe,N
FARWELL ISD,185902,H,Rural,42,Rural-Distant,N
FAYETTEVILLE ISD,075906,H,Rural,43,Rural-Remote,N
FERRIS ISD,070905,B,Major Suburban,41,Rural-Fringe,N
FLATONIA ISD,075901,H,Rural,43,Rural-Remote,N
FLORENCE ISD,246902,G,Non-metropolitan Stable,42,Rural-Distant,N
FLORESVILLE ISD,247901,E,Independent Town,32,Town-Distant,N
FLOUR BLUFF ISD,178914,D,Other Central City Suburban,11,City-Large,N
FLOYDADA ISD,077901,H,Rural,41,Rural-Fringe,N
FOLLETT ISD,148902,H,Rural,43,Rural-Remote,N
FORESTBURG ISD,169910,H,Rural,43,Rural-Remote,N
FORNEY ISD,129902,B,Major Suburban,41,Rural-Fringe,N
FORSAN ISD,114904,H,Rural,42,Rural-Distant,N
FORT BEND ISD,079907,B,Major Suburban,21,Suburb-Large,N
FORT ELLIOTT CISD,242906,H,Rural,43,Rural-Remote,N
FORT STOCKTON ISD,186902,G,Non-metropolitan Stable,33,Town-Remote,N
FORT WORTH ACADEMY OF FINE ARTS,220809,I,Charter School Districts,11,City-Large,Y
FORT WORTH ISD,220905,A,Major Urban,11,City-Large,N
FRANKLIN ISD,198903,D,Other Central City Suburban,42,Rural-Distant,N
FRANKSTON ISD,001904,H,Rural,42,Rural-Distant,N
FREDERICKSBURG ISD,086901,E,Independent Town,33,Town-Remote,N
FREER ISD,066903,H,Rural,43,Rural-Remote,N
FRENSHIP ISD,152907,D,Other Central City Suburban,22,Suburb-Midsize,N
FRIENDSWOOD ISD,084911,G,Non-metropolitan Stable,21,Suburb-Large,N
FRIONA ISD,185903,G,Non-metropolitan Stable,33,Town-Remote,N
FRISCO ISD,043905,C,Other Central City,21,Suburb-Large,N
FROST ISD,175905,H,Rural,42,Rural-Distant,N
FRUITVALE ISD,234909,H,Rural,42,Rural-Distant,N
FT DAVIS ISD,122901,H,Rural,43,Rural-Remote,N
FT HANCOCK ISD,115901,H,Rural,43,Rural-Remote,N
FT SAM HOUSTON ISD,015914,G,Non-metropolitan Stable,11,City-Large,N
GAINESVILLE ISD,049901,E,Independent Town,41,Rural-Fringe,N
GALENA PARK ISD,101910,B,Major Suburban,21,Suburb-Large,N
GALVESTON ISD,084902,C,Other Central City,31,Town-Fringe,N
GANADO ISD,120902,H,Rural,42,Rural-Distant,N
GARLAND ISD,057909,B,Major Suburban,21,Suburb-Large,N
GARNER ISD,184911,H,Rural,42,Rural-Distant,N
GARRISON ISD,174903,H,Rural,43,Rural-Remote,N
GARY ISD,183904,H,Rural,42,Rural-Distant,N
GATESVILLE ISD,050902,D,Other Central City Suburban,32,Town-Distant,N
GATEWAY CHARTER ACADEMY,057831,I,Charter School Districts,11,City-Large,Y
GAUSE ISD,166902,H,Rural,42,Rural-Distant,N
GEORGE GERVIN ACADEMY,015802,I,Charter School Districts,11,City-Large,Y
GEORGE I SANCHEZ CHARTER,101804,I,Charter School Districts,11,City-Large,Y
GEORGE WEST ISD,149901,G,Non-metropolitan Stable,43,Rural-Remote,N
GEORGETOWN ISD,246904,C,Other Central City,13,City-Small,N
GHOLSON ISD,161925,H,Rural,42,Rural-Distant,N
GIDDINGS ISD,144901,G,Non-metropolitan Stable,41,Rural-Fringe,N
GILMER ISD,230902,D,Other Central City Suburban,41,Rural-Fringe,N
GLADEWATER ISD,092901,D,Other Central City Suburban,23,Suburb-Small,N
GLASSCOCK COUNTY ISD,087901,H,Rural,43,Rural-Remote,N
GLEN ROSE ISD,213901,G,Non-metropolitan Stable,42,Rural-Distant,N
GODLEY ISD,126911,B,Major Suburban,42,Rural-Distant,N
GOLD BURG ISD,169906,H,Rural,42,Rural-Distant,N
GOLDEN RULE CHARTER SCHOOL,057835,I,Charter School Districts,11,City-Large,Y
GOLDTHWAITE ISD,167901,H,Rural,43,Rural-Remote,N
GOLIAD ISD,088902,G,Non-metropolitan Stable,42,Rural-Distant,N
GONZALES ISD,089901,G,Non-metropolitan Stable,32,Town-Distant,N
GOODRICH ISD,187903,H,Rural,42,Rural-Distant,N
GOODWATER MONTESSORI SCHOOL,246802,I,Charter School Districts,13,City-Small,Y
GOOSE CREEK CISD,101911,B,Major Suburban,13,City-Small,N
GORDON ISD,182901,H,Rural,43,Rural-Remote,N
GORMAN ISD,067904,H,Rural,43,Rural-Remote,N
GRADY ISD,156905,H,Rural,42,Rural-Distant,N
GRAFORD ISD,182902,H,Rural,43,Rural-Remote,N
GRAHAM ISD,252901,G,Non-metropolitan Stable,33,Town-Remote,N
GRANBURY ISD,111901,D,Other Central City Suburban,32,Town-Distant,N
GRAND PRAIRIE ISD,057910,B,Major Suburban,21,Suburb-Large,N
GRAND SALINE ISD,234904,G,Non-metropolitan Stable,32,Town-Distant,N
GRANDFALLS-ROYALTY ISD,238904,H,Rural,43,Rural-Remote,N
GRANDVIEW ISD,126904,F,Non-metropolitan Fast Growing,42,Rural-Distant,N
GRANDVIEW-HOPKINS ISD,090905,H,Rural,43,Rural-Remote,N
GRANGER ISD,246905,H,Rural,42,Rural-Distant,N
GRAPE CREEK ISD,226907,D,Other Central City Suburban,41,Rural-Fringe,N
GRAPELAND ISD,113902,F,Non-metropolitan Fast Growing,43,Rural-Remote,N
GRAPEVINE-COLLEYVILLE ISD,220906,B,Major Suburban,13,City-Small,N
GREAT HEARTS TEXAS,015835,I,Charter School Districts,11,City-Large,Y
GREENVILLE ISD,116905,E,Independent Town,32,Town-Distant,N
GREENWOOD ISD,165902,D,Other Central City Suburban,42,Rural-Distant,N
GREGORY-PORTLAND ISD,205902,D,Other Central City Suburban,21,Suburb-Large,N
GROESBECK ISD,147902,G,Non-metropolitan Stable,41,Rural-Fringe,N
GROOM ISD,033901,H,Rural,43,Rural-Remote,N
GROVETON ISD,228901,H,Rural,43,Rural-Remote,N
GRUVER ISD,098901,H,Rural,43,Rural-Remote,N
GUNTER ISD,091917,F,Non-metropolitan Fast Growing,42,Rural-Distant,N
GUSTINE ISD,047903,H,Rural,43,Rural-Remote,N
GUTHRIE CSD,135001,H,Rural,43,Rural-Remote,N
HALE CENTER ISD,095903,H,Rural,42,Rural-Distant,N
HALLETTSVILLE ISD,143901,G,Non-metropolitan Stable,43,Rural-Remote,N
HALLSBURG ISD,161924,H,Rural,42,Rural-Distant,N
HALLSVILLE ISD,102904,D,Other Central City Suburban,31,Town-Fringe,N
HAMILTON ISD,097902,H,Rural,33,Town-Remote,N
HAMLIN COLLEGIATE ISD,127903,H,Rural,43,Rural-Remote,N
HAMSHIRE-FANNETT ISD,123914,D,Other Central City Suburban,42,Rural-Distant,N
HAPPY ISD,219901,H,Rural,42,Rural-Distant,N
HARDIN ISD,146904,G,Non-metropolitan Stable,42,Rural-Distant,N
HARDIN-JEFFERSON ISD,100905,D,Other Central City Suburban,42,Rural-Distant,N
HARLANDALE ISD,015904,B,Major Suburban,11,City-Large,N
HARLETON ISD,102905,H,Rural,42,Rural-Distant,N
HARLINGEN CISD,031903,D,Other Central City Suburban,13,City-Small,N
HARMONY ISD,230905,E,Independent Town,42,Rural-Distant,N
HARMONY SCHOOL OF EXCELLENCE,101858,I,Charter School Districts,11,City-Large,Y
HARMONY SCHOOL OF SCIENCE - HOUSTO,101862,I,Charter School Districts,12,City-Midsize,Y
HARMONY SCIENCE ACAD (EL PASO),071806,I,Charter School Districts,11,City-Large,Y
HARMONY SCIENCE ACAD (SAN ANTONIO),015828,I,Charter School Districts,11,City-Large,Y
HARMONY SCIENCE ACAD (WACO),161807,I,Charter School Districts,21,Suburb-Large,Y
HARMONY SCIENCE ACADEMY,101846,I,Charter School Districts,11,City-Large,Y
HARMONY SCIENCE ACADEMY (AUSTIN),227816,I,Charter School Districts,11,City-Large,Y
HARPER ISD,086902,H,Rural,43,Rural-Remote,N
HARRIS COUNTY DEPT OF ED,101000,N/A,N/A,21,Suburb-Large,N
HARROLD ISD,244901,H,Rural,42,Rural-Distant,N
HART ISD,035902,H,Rural,43,Rural-Remote,N
HARTLEY ISD,103902,H,Rural,43,Rural-Remote,N
HARTS BLUFF ISD,225907,H,Rural,41,Rural-Fringe,N
HASKELL CISD,104901,H,Rural,41,Rural-Fringe,N
HAWKINS ISD,250902,H,Rural,42,Rural-Distant,N
HAWLEY ISD,127904,H,Rural,42,Rural-Distant,N
HAYS CISD,105906,B,Major Suburban,21,Suburb-Large,N
HEARNE ISD,198905,H,Rural,32,Town-Distant,N
HEDLEY ISD,065902,H,Rural,43,Rural-Remote,N
HEMPHILL ISD,202903,G,Non-metropolitan Stable,43,Rural-Remote,N
HEMPSTEAD ISD,237902,G,Non-metropolitan Stable,32,Town-Distant,N
HENDERSON ISD,201902,E,Independent Town,32,Town-Distant,N
HENRIETTA ISD,039902,D,Other Central City Suburban,41,Rural-Fringe,N
HENRY FORD ACADEMY ALAMEDA SCHOOL,015833,I,Charter School Districts,11,City-Large,Y
HEREFORD ISD,059901,D,Other Central City Suburban,32,Town-Distant,N
HERITAGE ACADEMY,015815,I,Charter School Districts,33,Town-Remote,Y
HERMLEIGH ISD,208901,H,Rural,42,Rural-Distant,N
HICO ISD,097903,H,Rural,43,Rural-Remote,N
HIDALGO ISD,108905,D,Other Central City Suburban,21,Suburb-Large,N
HIGGINS ISD,148903,H,Rural,43,Rural-Remote,N
HIGH ISLAND ISD,084903,H,Rural,43,Rural-Remote,N
HIGH POINT ACADEMY,220819,I,Charter School Districts,21,Suburb-Large,Y
HIGHLAND ISD,177905,H,Rural,42,Rural-Distant,N
HIGHLAND PARK ISD,057911,B,Major Suburban,21,Suburb-Large,N
HIGHLAND PARK ISD,188903,G,Non-metropolitan Stable,41,Rural-Fringe,N
HILLSBORO ISD,109904,E,Independent Town,32,Town-Distant,N
HITCHCOCK ISD,084908,D,Other Central City Suburban,22,Suburb-Midsize,N
HOLLAND ISD,014905,H,Rural,42,Rural-Distant,N
HOLLIDAY ISD,005902,D,Other Central City Suburban,42,Rural-Distant,N
HONDO ISD,163904,G,Non-metropolitan Stable,32,Town-Distant,N
HONEY GROVE ISD,074907,H,Rural,43,Rural-Remote,N
HOOKS ISD,019902,H,Rural,31,Town-Fringe,N
HORIZON MONTESSORI PUBLIC SCHOOLS,108802,I,Charter School Districts,12,City-Midsize,Y
HOUSTON CLASSICAL CHARTER SCHOOL,101878,N/A,N/A,21,Suburb-Large,Y
HOUSTON GATEWAY ACADEMY INC,101828,I,Charter School Districts,11,City-Large,Y
HOUSTON HEIGHTS HIGH SCHOOL,101821,I,Charter School Districts,11,City-Large,Y
HOUSTON ISD,101912,A,Major Urban,11,City-Large,N
HOWE ISD,091905,D,Other Central City Suburban,41,Rural-Fringe,N
HUBBARD ISD,019913,H,Rural,42,Rural-Distant,N
HUBBARD ISD,109905,H,Rural,42,Rural-Distant,N
HUCKABAY ISD,072908,H,Rural,42,Rural-Distant,N
HUDSON ISD,003902,G,Non-metropolitan Stable,33,Town-Remote,N
HUFFMAN ISD,101925,G,Non-metropolitan Stable,41,Rural-Fringe,N
HUGHES SPRINGS ISD,034903,G,Non-metropolitan Stable,32,Town-Distant,N
HULL-DAISETTA ISD,146905,H,Rural,42,Rural-Distant,N
HUMBLE ISD,101913,B,Major Suburban,21,Suburb-Large,N
HUNT ISD,133902,H,Rural,42,Rural-Distant,N
HUNTINGTON ISD,003904,G,Non-metropolitan Stable,42,Rural-Distant,N
HUNTSVILLE ISD,236902,E,Independent Town,32,Town-Distant,N
HURST-EULESS-BEDFORD ISD,220916,B,Major Suburban,21,Suburb-Large,N
HUTTO ISD,246906,D,Other Central City Suburban,21,Suburb-Large,N
IDALOU ISD,152910,D,Other Central City Suburban,42,Rural-Distant,N
IDEA PUBLIC SCHOOLS,108807,I,Charter School Districts,11,City-Large,Y
IMAGINE INTERNATIONAL ACADEMY OF N,043801,I,Charter School Districts,22,Suburb-Midsize,Y
INDUSTRIAL ISD,120905,G,Non-metropolitan Stable,42,Rural-Distant,N
INGLESIDE ISD,205903,D,Other Central City Suburban,31,Town-Fringe,N
INGRAM ISD,133904,G,Non-metropolitan Stable,41,Rural-Fringe,N
INSPIRE ACADEMIES,015808,I,Charter School Districts,11,City-Large,Y
INSPIRED VISION ACADEMY,057830,I,Charter School Districts,11,City-Large,Y
INTERNATIONAL LEADERSHIP OF TEXAS,057848,I,Charter School Districts,21,Suburb-Large,Y
IOLA ISD,093903,H,Rural,42,Rural-Distant,N
IOWA PARK CISD,243903,D,Other Central City Suburban,31,Town-Fringe,N
IRA ISD,208903,H,Rural,42,Rural-Distant,N
IRAAN-SHEFFIELD ISD,186903,H,Rural,43,Rural-Remote,N
IREDELL ISD,018906,H,Rural,43,Rural-Remote,N
IRION COUNTY ISD,118902,H,Rural,42,Rural-Distant,N
IRVING ISD,057912,B,Major Suburban,12,City-Midsize,N
ITALY ISD,070907,H,Rural,42,Rural-Distant,N
ITASCA ISD,109907,H,Rural,42,Rural-Distant,N
JACKSBORO ISD,119902,G,Non-metropolitan Stable,33,Town-Remote,N
JACKSONVILLE ISD,037904,E,Independent Town,32,Town-Distant,N
JARRELL ISD,246907,D,Other Central City Suburban,42,Rural-Distant,N
JASPER ISD,121904,E,Independent Town,33,Town-Remote,N
JAYTON-GIRARD ISD,132902,H,Rural,43,Rural-Remote,N
JEAN MASSIEU ACADEMY,057819,I,Charter School Districts,11,City-Large,Y
JEFFERSON ISD,155901,G,Non-metropolitan Stable,42,Rural-Distant,N
JIM HOGG COUNTY ISD,124901,G,Non-metropolitan Stable,33,Town-Remote,N
JIM NED CISD,221911,F,Non-metropolitan Fast Growing,42,Rural-Distant,N
JOAQUIN ISD,210902,H,Rural,43,Rural-Remote,N
JOHNSON CITY ISD,016901,H,Rural,42,Rural-Distant,N
JONESBORO ISD,050909,E,Independent Town,43,Rural-Remote,N
JOSHUA ISD,126905,D,Other Central City Suburban,41,Rural-Fringe,N
JOURDANTON ISD,007902,G,Non-metropolitan Stable,32,Town-Distant,N
JUBILEE ACADEMIES,015822,I,Charter School Districts,11,City-Large,Y
JUDSON ISD,015916,B,Major Suburban,21,Suburb-Large,N
JUNCTION ISD,134901,H,Rural,33,Town-Remote,N
KARNACK ISD,102901,H,Rural,42,Rural-Distant,N
KARNES CITY ISD,128901,G,Non-metropolitan Stable,33,Town-Remote,N
KATHERINE ANNE PORTER SCHOOL,105801,I,Charter School Districts,32,Town-Distant,Y
KATY ISD,101914,B,Major Suburban,21,Suburb-Large,N
KAUFFMAN LEADERSHIP ACADEMY,126801,I,Charter School Districts,31,Town-Fringe,Y
KAUFMAN ISD,129903,D,Other Central City Suburban,32,Town-Distant,N
KEENE ISD,126906,G,Non-metropolitan Stable,31,Town-Fringe,N
KELLER ISD,220907,B,Major Suburban,11,City-Large,N
KELTON ISD,242905,H,Rural,43,Rural-Remote,N
KEMP ISD,129904,D,Other Central City Suburban,42,Rural-Distant,N
KENEDY COUNTY WIDE CSD,131001,H,Rural,43,Rural-Remote,N
KENEDY ISD,128902,H,Rural,41,Rural-Fringe,N
KENNARD ISD,113906,H,Rural,43,Rural-Remote,N
KENNEDALE ISD,220914,B,Major Suburban,21,Suburb-Large,N
KERENS ISD,175907,H,Rural,43,Rural-Remote,N
KERMIT ISD,248901,D,Other Central City Suburban,32,Town-Distant,N
KERRVILLE ISD,133903,E,Independent Town,33,Town-Remote,N
KI CHARTER ACADEMY,105803,I,Charter School Districts,13,City-Small,Y
KILGORE ISD,092902,D,Other Central City Suburban,31,Town-Fringe,N
KILLEEN ISD,014906,C,Other Central City,12,City-Midsize,N
KINGSVILLE ISD,137901,E,Independent Town,32,Town-Distant,N
KIPP TEXAS PUBLIC SCHOOLS,227820,I,Charter School Districts,11,City-Large,Y
KIRBYVILLE CISD,121905,G,Non-metropolitan Stable,43,Rural-Remote,N
KLEIN ISD,101915,B,Major Suburban,21,Suburb-Large,N
KLONDIKE ISD,058905,H,Rural,43,Rural-Remote,N
KNIPPA ISD,232901,H,Rural,42,Rural-Distant,N
KNOX CITY-O'BRIEN CISD,138902,H,Rural,43,Rural-Remote,N
KOPPERL ISD,018907,H,Rural,43,Rural-Remote,N
KOUNTZE ISD,100903,G,Non-metropolitan Stable,42,Rural-Distant,N
KRESS ISD,219905,H,Rural,42,Rural-Distant,N
KRUM ISD,061905,D,Other Central City Suburban,31,Town-Fringe,N
LA ACADEMIA DE ESTRELLAS,057839,I,Charter School Districts,11,City-Large,Y
LA FE PREPARATORY SCHOOL,071807,I,Charter School Districts,11,City-Large,Y
LA FERIA ISD,031905,G,Non-metropolitan Stable,22,Suburb-Midsize,N
LA GLORIA ISD,125906,H,Rural,42,Rural-Distant,N
LA GRANGE ISD,075902,E,Independent Town,33,Town-Remote,N
LA JOYA ISD,108912,C,Other Central City,21,Suburb-Large,N
LA PORTE ISD,101916,B,Major Suburban,21,Suburb-Large,N
LA PRYOR ISD,254902,H,Rural,43,Rural-Remote,N
LA VEGA ISD,161906,D,Other Central City Suburban,22,Suburb-Midsize,N
LA VERNIA ISD,247903,E,Independent Town,42,Rural-Distant,N
LA VILLA ISD,108914,H,Rural,21,Suburb-Large,N
LACKLAND ISD,015913,F,Non-metropolitan Fast Growing,21,Suburb-Large,N
LAGO VISTA ISD,227912,G,Non-metropolitan Stable,31,Town-Fringe,N
LAKE DALLAS ISD,061912,D,Other Central City Suburban,21,Suburb-Large,N
LAKE GRANBURY ACADEMY CHARTER SCHO,111801,I,Charter School Districts,41,Rural-Fringe,Y
LAKE TRAVIS ISD,227913,B,Major Suburban,21,Suburb-Large,N
LAKE WORTH ISD,220910,B,Major Suburban,21,Suburb-Large,N
LAMAR CISD,079901,C,Other Central City,21,Suburb-Large,N
LAMESA ISD,058906,G,Non-metropolitan Stable,33,Town-Remote,N
LAMPASAS ISD,141901,D,Other Central City Suburban,41,Rural-Fringe,N
LANCASTER ISD,057913,B,Major Suburban,21,Suburb-Large,N
LANEVILLE ISD,201903,H,Rural,42,Rural-Distant,N
LAPOYNOR ISD,107910,H,Rural,42,Rural-Distant,N
LAREDO ISD,240901,D,Other Central City Suburban,11,City-Large,N
LASARA ISD,245901,H,Rural,42,Rural-Distant,N
LATEXO ISD,113905,H,Rural,42,Rural-Distant,N
LAZBUDDIE ISD,185904,H,Rural,43,Rural-Remote,N
LEADERSHIP PREP SCHOOL,061804,I,Charter School Districts,21,Suburb-Large,Y
LEAKEY ISD,193902,H,Rural,43,Rural-Remote,N
LEANDER ISD,246913,B,Major Suburban,21,Suburb-Large,N
LEARY ISD,019914,H,Rural,41,Rural-Fringe,N
LEFORS ISD,090902,H,Rural,42,Rural-Distant,N
LEGACY PREPARATORY,057846,I,Charter School Districts,21,Suburb-Large,Y
LEGACY SCHOOL OF SPORT SCIENCES,101874,I,Charter School Districts,21,Suburb-Large,Y
LEGGETT ISD,187906,H,Rural,42,Rural-Distant,N
LEON ISD,145911,H,Rural,43,Rural-Remote,N
LEONARD ISD,074909,H,Rural,42,Rural-Distant,N
LEVELLAND ISD,110902,G,Non-metropolitan Stable,32,Town-Distant,N
LEVERETTS CHAPEL ISD,201904,H,Rural,42,Rural-Distant,N
LEWISVILLE ISD,061902,B,Major Suburban,21,Suburb-Large,N
LEXINGTON ISD,144902,G,Non-metropolitan Stable,43,Rural-Remote,N
LIBERTY HILL ISD,246908,D,Other Central City Suburban,41,Rural-Fringe,N
LIBERTY ISD,146906,G,Non-metropolitan Stable,32,Town-Distant,N
LIBERTY-EYLAU ISD,019908,G,Non-metropolitan Stable,13,City-Small,N
LIFE SCHOOL,057807,I,Charter School Districts,21,Suburb-Large,Y
LIGHTHOUSE CHARTER SCHOOL,015825,I,Charter School Districts,11,City-Large,Y
LINDALE ISD,212903,D,Other Central City Suburban,31,Town-Fringe,N
LINDEN-KILDARE CISD,034905,H,Rural,43,Rural-Remote,N
LINDSAY ISD,049907,H,Rural,42,Rural-Distant,N
LINGLEVILLE ISD,072909,H,Rural,42,Rural-Distant,N
LIPAN ISD,111902,F,Non-metropolitan Fast Growing,43,Rural-Remote,N
LITTLE CYPRESS-MAURICEVILLE CISD,181908,E,Independent Town,22,Suburb-Midsize,N
LITTLE ELM ISD,061914,D,Other Central City Suburban,21,Suburb-Large,N
LITTLEFIELD ISD,140904,G,Non-metropolitan Stable,32,Town-Distant,N
LIVINGSTON ISD,187907,E,Independent Town,41,Rural-Fringe,N
LLANO ISD,150901,G,Non-metropolitan Stable,41,Rural-Fringe,N
LOCKHART ISD,028902,D,Other Central City Suburban,31,Town-Fringe,N
LOCKNEY ISD,077902,H,Rural,43,Rural-Remote,N
LOHN ISD,160905,H,Rural,43,Rural-Remote,N
LOMETA ISD,141902,F,Non-metropolitan Fast Growing,43,Rural-Remote,N
LONDON ISD,178906,D,Other Central City Suburban,41,Rural-Fringe,N
LONE OAK ISD,116906,G,Non-metropolitan Stable,42,Rural-Distant,N
LONE STAR LANGUAGE ACADEMY,043802,I,Charter School Districts,11,City-Large,Y
LONGVIEW ISD,092903,C,Other Central City,13,City-Small,N
LOOP ISD,083902,H,Rural,43,Rural-Remote,N
LORAINE ISD,168902,H,Rural,42,Rural-Distant,N
LORENA ISD,161907,G,Non-metropolitan Stable,41,Rural-Fringe,N
LORENZO ISD,054902,H,Rural,42,Rural-Distant,N
LOS FRESNOS CISD,031906,D,Other Central City Suburban,22,Suburb-Midsize,N
LOUISE ISD,241906,H,Rural,42,Rural-Distant,N
LOVEJOY ISD,043919,G,Non-metropolitan Stable,21,Suburb-Large,N
LOVELADY ISD,113903,H,Rural,43,Rural-Remote,N
LUBBOCK ISD,152901,C,Other Central City,11,City-Large,N
LUBBOCK-COOPER ISD,152906,D,Other Central City Suburban,41,Rural-Fringe,N
LUEDERS-AVOCA ISD,127905,H,Rural,42,Rural-Distant,N
LUFKIN ISD,003903,E,Independent Town,33,Town-Remote,N
LULING ISD,028903,E,Independent Town,32,Town-Distant,N
LUMBERTON ISD,100907,D,Other Central City Suburban,22,Suburb-Midsize,N
LUMIN EDUCATION,057805,I,Charter School Districts,11,City-Large,Y
LYFORD CISD,245902,G,Non-metropolitan Stable,32,Town-Distant,N
LYTLE ISD,007904,G,Non-metropolitan Stable,31,Town-Fringe,N
MABANK ISD,129905,D,Other Central City Suburban,32,Town-Distant,N
MADISONVILLE CISD,154901,G,Non-metropolitan Stable,32,Town-Distant,N
MAGNOLIA ISD,170906,D,Other Central City Suburban,41,Rural-Fringe,N
MALAKOFF ISD,107906,G,Non-metropolitan Stable,33,Town-Remote,N
MALONE ISD,109908,H,Rural,42,Rural-Distant,N
MALTA ISD,019910,H,Rural,42,Rural-Distant,N
MANARA ACADEMY,057844,I,Charter School Districts,12,City-Midsize,Y
MANOR ISD,227907,B,Major Suburban,41,Rural-Fringe,N
MANSFIELD ISD,220908,B,Major Suburban,21,Suburb-Large,N
MARATHON ISD,022902,H,Rural,43,Rural-Remote,N
MARBLE FALLS ISD,027904,E,Independent Town,32,Town-Distant,N
MARFA ISD,189901,H,Rural,43,Rural-Remote,N
MARION ISD,094904,D,Other Central City Suburban,21,Suburb-Large,N
MARLIN ISD,073903,G,Non-metropolitan Stable,32,Town-Distant,N
MARSHALL ISD,102902,E,Independent Town,32,Town-Distant,N
MART ISD,161908,H,Rural,42,Rural-Distant,N
MARTINS MILL ISD,234905,H,Rural,42,Rural-Distant,N
MARTINSVILLE ISD,174909,H,Rural,43,Rural-Remote,N
MASON ISD,157901,H,Rural,43,Rural-Remote,N
MATAGORDA ISD,158904,H,Rural,43,Rural-Remote,N
MATHIS ISD,205904,G,Non-metropolitan Stable,32,Town-Distant,N
MAUD ISD,019903,H,Rural,42,Rural-Distant,N
MAY ISD,025905,H,Rural,43,Rural-Remote,N
MAYPEARL ISD,070915,D,Other Central City Suburban,42,Rural-Distant,N
MCALLEN ISD,108906,D,Other Central City Suburban,12,City-Midsize,N
MCCAMEY ISD,231901,H,Rural,43,Rural-Remote,N
MCDADE ISD,011905,F,Non-metropolitan Fast Growing,42,Rural-Distant,N
MCGREGOR ISD,161909,G,Non-metropolitan Stable,31,Town-Fringe,N
MCKINNEY ISD,043907,D,Other Central City Suburban,22,Suburb-Midsize,N
MCLEAN ISD,090903,H,Rural,43,Rural-Remote,N
MCLEOD ISD,034906,H,Rural,42,Rural-Distant,N
MCMULLEN COUNTY ISD,162904,H,Rural,43,Rural-Remote,N
MEADOW ISD,223902,H,Rural,42,Rural-Distant,N
MEADOWLAND CHARTER DISTRICT,130801,I,Charter School Districts,41,Rural-Fringe,Y
MEDINA ISD,010901,H,Rural,43,Rural-Remote,N
MEDINA VALLEY ISD,163908,B,Major Suburban,41,Rural-Fringe,N
MELISSA ISD,043908,F,Non-metropolitan Fast Growing,22,Suburb-Midsize,N
MEMPHIS ISD,096904,H,Rural,43,Rural-Remote,N
MENARD ISD,164901,H,Rural,43,Rural-Remote,N
MERCEDES ISD,108907,G,Non-metropolitan Stable,21,Suburb-Large,N
MERIDIAN ISD,018902,H,Rural,43,Rural-Remote,N
MERIDIAN WORLD SCHOOL LLC,246801,I,Charter School Districts,12,City-Midsize,Y
MERKEL ISD,221904,D,Other Central City Suburban,42,Rural-Distant,N
MESQUITE ISD,057914,B,Major Suburban,21,Suburb-Large,N
MEXIA ISD,147903,G,Non-metropolitan Stable,33,Town-Remote,N
MEYERPARK ELEMENTARY,101855,I,Charter School Districts,11,City-Large,Y
MEYERSVILLE ISD,062906,H,Rural,42,Rural-Distant,N
MIAMI ISD,197902,H,Rural,43,Rural-Remote,N
MIDLAND ACADEMY CHARTER SCHOOL,165802,I,Charter School Districts,12,City-Midsize,Y
MIDLAND ISD,165901,C,Other Central City,12,City-Midsize,N
MIDLOTHIAN ISD,070908,C,Other Central City,21,Suburb-Large,N
MIDWAY ISD,039905,H,Rural,42,Rural-Distant,N
MIDWAY ISD,161903,D,Other Central City Suburban,22,Suburb-Midsize,N
MILANO ISD,166903,H,Rural,42,Rural-Distant,N
MILDRED ISD,175910,E,Independent Town,42,Rural-Distant,N
MILES ISD,200902,H,Rural,42,Rural-Distant,N
MILFORD ISD,070909,H,Rural,42,Rural-Distant,N
MILLER GROVE ISD,112907,F,Non-metropolitan Fast Growing,43,Rural-Remote,N
MILLSAP ISD,184904,D,Other Central City Suburban,42,Rural-Distant,N
MINEOLA ISD,250903,E,Independent Town,32,Town-Distant,N
MINERAL WELLS ISD,182903,E,Independent Town,32,Town-Distant,N
MISSION CISD,108908,D,Other Central City Suburban,13,City-Small,N
MONAHANS-WICKETT-PYOTE ISD,238902,D,Other Central City Suburban,32,Town-Distant,N
MONTAGUE ISD,169908,H,Rural,42,Rural-Distant,N
MONTE ALTO ISD,108915,G,Non-metropolitan Stable,41,Rural-Fringe,N
MONTESSORI FOR ALL,227826,I,Charter School Districts,11,City-Large,Y
MONTGOMERY ISD,170903,D,Other Central City Suburban,41,Rural-Fringe,N
MOODY ISD,161910,H,Rural,42,Rural-Distant,N
MORAN ISD,209902,H,Rural,43,Rural-Remote,N
MORGAN ISD,018903,H,Rural,43,Rural-Remote,N
MORGAN MILL ISD,072910,H,Rural,43,Rural-Remote,N
MORTON ISD,040901,H,Rural,43,Rural-Remote,N
MOTLEY COUNTY ISD,173901,H,Rural,43,Rural-Remote,N
MOULTON ISD,143902,H,Rural,43,Rural-Remote,N
MOUNT CALM ISD,109910,H,Rural,42,Rural-Distant,N
MOUNT ENTERPRISE ISD,201907,H,Rural,43,Rural-Remote,N
MOUNT PLEASANT ISD,225902,E,Independent Town,33,Town-Remote,N
MOUNT VERNON ISD,080901,G,Non-metropolitan Stable,33,Town-Remote,N
MUENSTER ISD,049902,H,Rural,43,Rural-Remote,N
MULESHOE ISD,009901,G,Non-metropolitan Stable,33,Town-Remote,N
MULLIN ISD,167902,H,Rural,33,Town-Remote,N
MUMFORD ISD,198906,H,Rural,42,Rural-Distant,N
MUNDAY CISD,138903,H,Rural,43,Rural-Remote,N
MURCHISON ISD,107908,H,Rural,42,Rural-Distant,N
NACOGDOCHES ISD,174904,E,Independent Town,33,Town-Remote,N
NATALIA ISD,163903,G,Non-metropolitan Stable,41,Rural-Fringe,N
NAVARRO ISD,094903,D,Other Central City Suburban,41,Rural-Fringe,N
NAVASOTA ISD,093904,D,Other Central City Suburban,32,Town-Distant,N
NAZARETH ISD,035903,H,Rural,43,Rural-Remote,N
NECHES ISD,001906,H,Rural,42,Rural-Distant,N
NEDERLAND ISD,123905,D,Other Central City Suburban,22,Suburb-Midsize,N
NEEDVILLE ISD,079906,D,Other Central City Suburban,41,Rural-Fringe,N
NEW BOSTON ISD,019905,G,Non-metropolitan Stable,32,Town-Distant,N
NEW BRAUNFELS ISD,046901,C,Other Central City,13,City-Small,N
NEW CANEY ISD,170908,D,Other Central City Suburban,21,Suburb-Large,N
NEW DEAL ISD,152902,H,Rural,41,Rural-Fringe,N
NEW DIANA ISD,230906,D,Other Central City Suburban,42,Rural-Distant,N
NEW FRONTIERS PUBLIC SCHOOLS INC,015805,I,Charter School Districts,11,City-Large,Y
NEW HOME ISD,153905,F,Non-metropolitan Fast Growing,42,Rural-Distant,N
NEW SUMMERFIELD ISD,037908,H,Rural,42,Rural-Distant,N
NEW WAVERLY ISD,236901,G,Non-metropolitan Stable,41,Rural-Fringe,N
NEWCASTLE ISD,252902,H,Rural,42,Rural-Distant,N
NEWMAN INTERNATIONAL ACADEMY OF AR,220817,I,Charter School Districts,11,City-Large,Y
NEWTON ISD,176902,G,Non-metropolitan Stable,43,Rural-Remote,N
NIXON-SMILEY CISD,089903,G,Non-metropolitan Stable,43,Rural-Remote,N
NOCONA ISD,169902,H,Rural,33,Town-Remote,N
NORDHEIM ISD,062902,H,Rural,43,Rural-Remote,N
NORMANGEE ISD,145906,H,Rural,43,Rural-Remote,N
NORTH EAST ISD,015910,A,Major Urban,11,City-Large,N
NORTH HOPKINS ISD,112906,H,Rural,42,Rural-Distant,N
NORTH LAMAR ISD,139911,G,Non-metropolitan Stable,41,Rural-Fringe,N
NORTH TEXAS COLLEGIATE ACADEMY,061802,I,Charter School Districts,21,Suburb-Large,Y
NORTH ZULCH ISD,154903,H,Rural,42,Rural-Distant,N
NORTHSIDE ISD,015915,A,Major Urban,11,City-Large,N
NORTHSIDE ISD,244905,H,Rural,42,Rural-Distant,N
NORTHWEST ISD,061911,D,Other Central City Suburban,41,Rural-Fringe,N
NOVA ACADEMY,057809,I,Charter School Districts,11,City-Large,Y
NOVA ACADEMY SOUTHEAST,057827,I,Charter School Districts,11,City-Large,Y
NUECES CANYON CISD,069902,H,Rural,43,Rural-Remote,N
NURSERY ISD,235904,H,Rural,41,Rural-Fringe,N
NYOS CHARTER SCHOOL,227804,I,Charter School Districts,11,City-Large,Y
O'DONNELL ISD,153903,H,Rural,43,Rural-Remote,N
OAKWOOD ISD,145907,H,Rural,43,Rural-Remote,N
ODEM-EDROY ISD,205905,H,Rural,31,Town-Fringe,N
ODYSSEY ACADEMY INC,084802,I,Charter School Districts,31,Town-Fringe,Y
OGLESBY ISD,050904,H,Rural,42,Rural-Distant,N
OLFEN ISD,200906,H,Rural,42,Rural-Distant,N
OLNEY ISD,252903,H,Rural,32,Town-Distant,N
OLTON ISD,140905,H,Rural,43,Rural-Remote,N
ONALASKA ISD,187910,F,Non-metropolitan Fast Growing,32,Town-Distant,N
ORANGE GROVE ISD,125903,G,Non-metropolitan Stable,42,Rural-Distant,N
ORANGEFIELD ISD,181905,D,Other Central City Suburban,41,Rural-Fringe,N
ORE CITY ISD,230903,G,Non-metropolitan Stable,42,Rural-Distant,N
ORENDA CHARTER SCHOOL,014804,I,Charter School Districts,41,Rural-Fringe,Y
OVERTON ISD,201908,H,Rural,42,Rural-Distant,N
PADUCAH ISD,051901,H,Rural,43,Rural-Remote,N
PAINT CREEK ISD,104907,H,Rural,42,Rural-Distant,N
PAINT ROCK ISD,048903,H,Rural,43,Rural-Remote,N
PALACIOS ISD,158905,G,Non-metropolitan Stable,33,Town-Remote,N
PALESTINE ISD,001907,E,Independent Town,32,Town-Distant,N
PALMER ISD,070910,D,Other Central City Suburban,41,Rural-Fringe,N
PALO PINTO ISD,182906,H,Rural,42,Rural-Distant,N
PAMPA ISD,090904,G,Non-metropolitan Stable,33,Town-Remote,N
PANHANDLE ISD,033902,H,Rural,42,Rural-Distant,N
PANOLA CHARTER SCHOOL,183801,I,Charter School Districts,32,Town-Distant,Y
PANTHER CREEK CISD,042905,H,Rural,43,Rural-Remote,N
PARADISE ISD,249906,G,Non-metropolitan Stable,42,Rural-Distant,N
PARIS ISD,139909,E,Independent Town,33,Town-Remote,N
PASADENA ISD,101917,B,Major Suburban,21,Suburb-Large,N
PATTON SPRINGS ISD,063906,H,Rural,43,Rural-Remote,N
PAWNEE ISD,013902,F,Non-metropolitan Fast Growing,43,Rural-Remote,N
PEARLAND ISD,020908,B,Major Suburban,21,Suburb-Large,N
PEARSALL ISD,082903,G,Non-metropolitan Stable,33,Town-Remote,N
PEASTER ISD,184908,D,Other Central City Suburban,42,Rural-Distant,N
PECOS-BARSTOW-TOYAH ISD,195901,G,Non-metropolitan Stable,33,Town-Remote,N
PEGASUS SCHOOL OF LIBERAL ARTS AND,057802,I,Charter School Districts,11,City-Large,Y
PENELOPE ISD,109914,H,Rural,42,Rural-Distant,N
PERRIN-WHITT CISD,119903,H,Rural,43,Rural-Remote,N
PERRYTON ISD,179901,G,Non-metropolitan Stable,33,Town-Remote,N
PETERSBURG ISD,095904,H,Rural,42,Rural-Distant,N
PETROLIA CISD,039903,H,Rural,42,Rural-Distant,N
PETTUS ISD,013903,H,Rural,42,Rural-Distant,N
PEWITT CISD,172905,H,Rural,42,Rural-Distant,N
PFLUGERVILLE ISD,227904,B,Major Suburban,21,Suburb-Large,N
PHARR-SAN JUAN-ALAMO ISD,108909,C,Other Central City,21,Suburb-Large,N
PILOT POINT ISD,061903,D,Other Central City Suburban,31,Town-Fringe,N
PINE TREE ISD,092904,D,Other Central City Suburban,13,City-Small,N
PINEYWOODS COMMUNITY ACADEMY,003801,I,Charter School Districts,33,Town-Remote,Y
PIONEER TECHNOLOGY & ARTS ACADEMY,057850,I,Charter School Districts,21,Suburb-Large,Y
PITTSBURG ISD,032902,G,Non-metropolitan Stable,32,Town-Distant,N
PLAINS ISD,251902,H,Rural,43,Rural-Remote,N
PLAINVIEW ISD,095905,E,Independent Town,33,Town-Remote,N
PLANO ISD,043910,B,Major Suburban,11,City-Large,N
PLEASANT GROVE ISD,019912,G,Non-metropolitan Stable,13,City-Small,N
PLEASANTON ISD,007905,E,Independent Town,32,Town-Distant,N
PLEMONS-STINNETT-PHILLIPS CISD,117904,H,Rural,42,Rural-Distant,N
POINT ISABEL ISD,031909,D,Other Central City Suburban,32,Town-Distant,N
PONDER ISD,061906,D,Other Central City Suburban,42,Rural-Distant,N
POOLVILLE ISD,184901,H,Rural,42,Rural-Distant,N
POR VIDA ACADEMY,015801,I,Charter School Districts,11,City-Large,Y
PORT ARANSAS ISD,178908,H,Rural,42,Rural-Distant,N
PORT ARTHUR ISD,123907,D,Other Central City Suburban,13,City-Small,N
PORT NECHES-GROVES ISD,123908,D,Other Central City Suburban,22,Suburb-Midsize,N
POSITIVE SOLUTIONS CHARTER SCHOOL,015814,I,Charter School Districts,11,City-Large,Y
POST ISD,085902,H,Rural,32,Town-Distant,N
POTEET ISD,007906,G,Non-metropolitan Stable,32,Town-Distant,N
POTH ISD,247904,H,Rural,42,Rural-Distant,N
POTTSBORO ISD,091913,D,Other Central City Suburban,23,Suburb-Small,N
PRAIRIE LEA ISD,028906,H,Rural,42,Rural-Distant,N
PRAIRIE VALLEY ISD,169909,H,Rural,42,Rural-Distant,N
PRAIRILAND ISD,139912,G,Non-metropolitan Stable,42,Rural-Distant,N
PREMIER HIGH SCHOOLS,072801,I,Charter School Districts,11,City-Large,Y
PREMONT ISD,125905,F,Non-metropolitan Fast Growing,41,Rural-Fringe,N
PRESIDIO ISD,189902,G,Non-metropolitan Stable,33,Town-Remote,N
PRIDDY ISD,167904,H,Rural,43,Rural-Remote,N
PRINCETON ISD,043911,F,Non-metropolitan Fast Growing,22,Suburb-Midsize,N
PRINGLE-MORSE CISD,098903,H,Rural,43,Rural-Remote,N
PRIORITY CHARTER SCHOOLS,014803,I,Charter School Districts,22,Suburb-Midsize,Y
PROGRESO ISD,108910,G,Non-metropolitan Stable,21,Suburb-Large,N
PROMESA ACADEMY CHARTER SCHOOL,015839,N/A,N/A,11,City-Large,Y
PROMESA PUBLIC SCHOOLS,227824,I,Charter School Districts,11,City-Large,Y
PROMISE COMMUNITY SCHOOL,101853,I,Charter School Districts,11,City-Large,Y
PROSPER ISD,043912,D,Other Central City Suburban,41,Rural-Fringe,N
QUANAH ISD,099903,H,Rural,43,Rural-Remote,N
QUEEN CITY ISD,034907,G,Non-metropolitan Stable,32,Town-Distant,N
QUINLAN ISD,116908,D,Other Central City Suburban,41,Rural-Fringe,N
QUITMAN ISD,250904,E,Independent Town,32,Town-Distant,N
RAINS ISD,190903,G,Non-metropolitan Stable,42,Rural-Distant,N
RALLS ISD,054903,H,Rural,42,Rural-Distant,N
RAMIREZ CSD,066005,H,Rural,43,Rural-Remote,N
RANCH ACADEMY,234801,I,Charter School Districts,42,Rural-Distant,Y
RANDOLPH FIELD ISD,015906,G,Non-metropolitan Stable,41,Rural-Fringe,N
RANGER ISD,067907,H,Rural,43,Rural-Remote,N
RANKIN ISD,231902,H,Rural,43,Rural-Remote,N
RAPOPORT ACADEMY PUBLIC SCHOOL,161802,I,Charter School Districts,12,City-Midsize,Y
RAUL YZAGUIRRE SCHOOLS FOR SUCCESS,101806,I,Charter School Districts,11,City-Large,Y
RAVEN SCHOOL,236801,I,Charter School Districts,42,Rural-Distant,Y
RAYMONDVILLE ISD,245903,D,Other Central City Suburban,32,Town-Distant,N
REAGAN COUNTY ISD,192901,D,Other Central City Suburban,33,Town-Remote,N
RED LICK ISD,019911,H,Rural,23,Suburb-Small,N
RED OAK ISD,070911,D,Other Central City Suburban,21,Suburb-Large,N
REDWATER ISD,019906,G,Non-metropolitan Stable,42,Rural-Distant,N
REFUGIO ISD,196903,H,Rural,32,Town-Distant,N
REVE PREPARATORY CHARTER SCHOOL,101876,I,Charter School Districts,11,City-Large,Y
RICARDO ISD,137902,H,Rural,42,Rural-Distant,N
RICE CISD,045903,G,Non-metropolitan Stable,42,Rural-Distant,N
RICE ISD,175911,D,Other Central City Suburban,42,Rural-Distant,N
RICHARD MILBURN ALTER HIGH SCHOOL,014801,I,Charter School Districts,12,City-Midsize,Y
RICHARDS ISD,093905,H,Rural,42,Rural-Distant,N
RICHARDSON ISD,057916,B,Major Suburban,11,City-Large,N
RICHLAND COLLEGIATE HIGH SCHOOL,057840,I,Charter School Districts,11,City-Large,Y
RICHLAND SPRINGS ISD,206902,H,Rural,43,Rural-Remote,N
RIESEL ISD,161912,H,Rural,42,Rural-Distant,N
RIO GRANDE CITY CISD,214901,D,Other Central City Suburban,41,Rural-Fringe,N
RIO HONDO ISD,031911,G,Non-metropolitan Stable,41,Rural-Fringe,N
RIO VISTA ISD,126907,H,Rural,42,Rural-Distant,N
RISE ACADEMY,152802,I,Charter School Districts,11,City-Large,Y
RISING STAR ISD,067908,H,Rural,43,Rural-Remote,N
RIVER ROAD ISD,188902,D,Other Central City Suburban,22,Suburb-Midsize,N
RIVERCREST ISD,194903,H,Rural,43,Rural-Remote,N
RIVIERA ISD,137903,H,Rural,43,Rural-Remote,N
ROBERT LEE ISD,041902,H,Rural,42,Rural-Distant,N
ROBINSON ISD,161922,D,Other Central City Suburban,22,Suburb-Midsize,N
ROBSTOWN ISD,178909,G,Non-metropolitan Stable,31,Town-Fringe,N
ROBY CISD,076903,H,Rural,43,Rural-Remote,N
ROCHELLE ISD,160904,H,Rural,42,Rural-Distant,N
ROCKDALE ISD,166904,E,Independent Town,32,Town-Distant,N
ROCKSPRINGS ISD,069901,H,Rural,43,Rural-Remote,N
ROCKWALL ISD,199901,C,Other Central City,21,Suburb-Large,N
ROGERS ISD,014907,H,Rural,42,Rural-Distant,N
ROMA ISD,214903,E,Independent Town,41,Rural-Fringe,N
ROOSEVELT ISD,152908,D,Other Central City Suburban,42,Rural-Distant,N
ROPES ISD,110905,F,Non-metropolitan Fast Growing,42,Rural-Distant,N
ROSCOE COLLEGIATE ISD,177901,H,Rural,42,Rural-Distant,N
ROSEBUD-LOTT ISD,073905,H,Rural,42,Rural-Distant,N
ROTAN ISD,076904,H,Rural,43,Rural-Remote,N
ROUND ROCK ISD,246909,B,Major Suburban,12,City-Midsize,N
ROUND TOP-CARMINE ISD,075908,H,Rural,43,Rural-Remote,N
ROYAL ISD,237905,D,Other Central City Suburban,41,Rural-Fringe,N
ROYSE CITY ISD,199902,D,Other Central City Suburban,41,Rural-Fringe,N
RULE ISD,104903,H,Rural,42,Rural-Distant,N
RUNGE ISD,128903,H,Rural,42,Rural-Distant,N
RUSK ISD,037907,G,Non-metropolitan Stable,41,Rural-Fringe,N
S AND S CISD,091914,D,Other Central City Suburban,41,Rural-Fringe,N
SABINAL ISD,232902,H,Rural,43,Rural-Remote,N
SABINE ISD,092906,D,Other Central City Suburban,41,Rural-Fringe,N
SABINE PASS ISD,123913,H,Rural,42,Rural-Distant,N
SAINT JO ISD,169911,F,Non-metropolitan Fast Growing,43,Rural-Remote,N
SALADO ISD,014908,D,Other Central City Suburban,42,Rural-Distant,N
SALTILLO ISD,112909,H,Rural,42,Rural-Distant,N
SAM HOUSTON STATE UNIVERSITY CHART,236802,I,Charter School Districts,21,Suburb-Large,Y
SAM RAYBURN ISD,074917,H,Rural,42,Rural-Distant,N
SAN ANGELO ISD,226903,C,Other Central City,12,City-Midsize,N
SAN ANTONIO ISD,015907,A,Major Urban,11,City-Large,N
SAN ANTONIO PREPARATORY CHARTER SC,015840,N/A,N/A,21,Suburb-Large,Y
SAN AUGUSTINE ISD,203901,H,Rural,43,Rural-Remote,N
SAN BENITO CISD,031912,D,Other Central City Suburban,22,Suburb-Midsize,N
SAN DIEGO ISD,066902,G,Non-metropolitan Stable,32,Town-Distant,N
SAN ELIZARIO ISD,071904,B,Major Suburban,21,Suburb-Large,N
SAN FELIPE-DEL RIO CISD,233901,E,Independent Town,33,Town-Remote,N
SAN ISIDRO ISD,214902,H,Rural,42,Rural-Distant,N
SAN MARCOS CISD,105902,C,Other Central City,13,City-Small,N
SAN PERLITA ISD,245904,H,Rural,42,Rural-Distant,N
SAN SABA ISD,206901,H,Rural,33,Town-Remote,N
SAN VICENTE ISD,022903,H,Rural,43,Rural-Remote,N
SANDS CISD,058909,H,Rural,43,Rural-Remote,N
SANFORD-FRITCH ISD,117903,H,Rural,32,Town-Distant,N
SANGER ISD,061908,D,Other Central City Suburban,41,Rural-Fringe,N
SANTA ANNA ISD,042903,H,Rural,42,Rural-Distant,N
SANTA FE ISD,084909,D,Other Central City Suburban,22,Suburb-Midsize,N
SANTA GERTRUDIS ISD,137904,F,Non-metropolitan Fast Growing,32,Town-Distant,N
SANTA MARIA ISD,031913,H,Rural,41,Rural-Fringe,N
SANTA ROSA ISD,031914,G,Non-metropolitan Stable,22,Suburb-Midsize,N
SANTO ISD,182904,H,Rural,43,Rural-Remote,N
SAVOY ISD,074911,H,Rural,42,Rural-Distant,N
SCHERTZ-CIBOLO-U CITY ISD,094902,C,Other Central City,21,Suburb-Large,N
SCHLEICHER ISD,207901,H,Rural,43,Rural-Remote,N
SCHOOL OF EXCELLENCE IN EDUCATION,015806,I,Charter School Districts,11,City-Large,Y
SCHOOL OF SCIENCE AND TECHNOLOGY,015827,I,Charter School Districts,11,City-Large,Y
SCHOOL OF SCIENCE AND TECHNOLOGY D,015831,I,Charter School Districts,21,Suburb-Large,Y
SCHULENBURG ISD,075903,H,Rural,33,Town-Remote,N
SCURRY-ROSSER ISD,129910,D,Other Central City Suburban,42,Rural-Distant,N
SEAGRAVES ISD,083901,H,Rural,43,Rural-Remote,N
SEALY ISD,008902,D,Other Central City Suburban,41,Rural-Fringe,N
SEASHORE CHARTER SCHOOLS,178808,I,Charter School Districts,11,City-Large,Y
SEGUIN ISD,094901,D,Other Central City Suburban,31,Town-Fringe,N
SEMINOLE ISD,083903,G,Non-metropolitan Stable,33,Town-Remote,N
SER-NINOS CHARTER SCHOOL,101802,I,Charter School Districts,11,City-Large,Y
SEYMOUR ISD,012901,H,Rural,43,Rural-Remote,N
SHALLOWATER ISD,152909,D,Other Central City Suburban,31,Town-Fringe,N
SHAMROCK ISD,242902,H,Rural,43,Rural-Remote,N
SHARYLAND ISD,108911,D,Other Central City Suburban,13,City-Small,N
SHELBYVILLE ISD,210903,H,Rural,42,Rural-Distant,N
SHELDON ISD,101924,B,Major Suburban,21,Suburb-Large,N
SHEPHERD ISD,204904,E,Independent Town,42,Rural-Distant,N
SHERMAN ISD,091906,C,Other Central City,13,City-Small,N
SHINER ISD,143903,H,Rural,42,Rural-Distant,N
SIDNEY ISD,047905,H,Rural,42,Rural-Distant,N
SIERRA BLANCA ISD,115902,H,Rural,43,Rural-Remote,N
SILSBEE ISD,100904,E,Independent Town,31,Town-Fringe,N
SILVERTON ISD,023902,H,Rural,43,Rural-Remote,N
SIMMS ISD,019909,H,Rural,42,Rural-Distant,N
SINTON ISD,205906,E,Independent Town,32,Town-Distant,N
SIVELLS BEND ISD,049909,H,Rural,43,Rural-Remote,N
SKIDMORE-TYNAN ISD,013905,H,Rural,42,Rural-Distant,N
SLATON ISD,152903,G,Non-metropolitan Stable,31,Town-Fringe,N
SLIDELL ISD,249908,F,Non-metropolitan Fast Growing,42,Rural-Distant,N
SLOCUM ISD,001909,H,Rural,43,Rural-Remote,N
SMITHVILLE ISD,011904,G,Non-metropolitan Stable,41,Rural-Fringe,N
SMYER ISD,110906,H,Rural,42,Rural-Distant,N
SNOOK ISD,026903,H,Rural,42,Rural-Distant,N
SNYDER ISD,208902,G,Non-metropolitan Stable,33,Town-Remote,N
SOCORRO ISD,071909,A,Major Urban,11,City-Large,N
SOMERSET ISD,015909,G,Non-metropolitan Stable,41,Rural-Fringe,N
SOMERVILLE ISD,026902,H,Rural,42,Rural-Distant,N
SONORA ISD,218901,H,Rural,33,Town-Remote,N
SOUTH SAN ANTONIO ISD,015908,B,Major Suburban,11,City-Large,N
SOUTH TEXAS ISD,031916,F,Non-metropolitan Fast Growing,41,Rural-Fringe,N
SOUTHLAND ISD,085903,H,Rural,42,Rural-Distant,N
SOUTHSIDE ISD,015917,B,Major Suburban,41,Rural-Fringe,N
SOUTHWEST ISD,015912,B,Major Suburban,41,Rural-Fringe,N
SOUTHWEST PREPARATORY SCHOOL,015807,I,Charter School Districts,11,City-Large,Y
SOUTHWEST SCHOOL,101838,I,Charter School Districts,11,City-Large,Y
SPEARMAN ISD,098904,H,Rural,33,Town-Remote,N
SPLENDORA ISD,170907,D,Other Central City Suburban,41,Rural-Fringe,N
SPRING BRANCH ISD,101920,B,Major Suburban,11,City-Large,N
SPRING CREEK ISD,117907,H,Rural,42,Rural-Distant,N
SPRING HILL ISD,092907,D,Other Central City Suburban,13,City-Small,N
SPRING ISD,101919,B,Major Suburban,21,Suburb-Large,N
SPRINGLAKE-EARTH ISD,140907,H,Rural,43,Rural-Remote,N
SPRINGTOWN ISD,184902,D,Other Central City Suburban,31,Town-Fringe,N
SPUR ISD,063903,H,Rural,43,Rural-Remote,N
SPURGER ISD,229905,H,Rural,43,Rural-Remote,N
ST ANTHONY SCHOOL,057836,I,Charter School Districts,11,City-Large,Y
ST MARY'S ACADEMY CHARTER SCHOOL,013801,I,Charter School Districts,32,Town-Distant,Y
STAFFORD MSD,079910,B,Major Suburban,21,Suburb-Large,N
STAMFORD ISD,127906,H,Rural,32,Town-Distant,N
STANTON ISD,156902,D,Other Central City Suburban,42,Rural-Distant,N
STEP CHARTER SCHOOL,101859,I,Charter School Districts,11,City-Large,Y
STEPHEN F AUSTIN STATE UNIVERSITY,174801,I,Charter School Districts,33,Town-Remote,Y
STEPHENVILLE ISD,072903,E,Independent Town,33,Town-Remote,N
STERLING CITY ISD,216901,H,Rural,43,Rural-Remote,N
STOCKDALE ISD,247906,H,Rural,42,Rural-Distant,N
STRATFORD ISD,211902,H,Rural,43,Rural-Remote,N
STRAWN ISD,182905,H,Rural,43,Rural-Remote,N
SUDAN ISD,140908,H,Rural,43,Rural-Remote,N
SULPHUR BLUFF ISD,112910,H,Rural,43,Rural-Remote,N
SULPHUR SPRINGS ISD,112901,E,Independent Town,33,Town-Remote,N
SUNDOWN ISD,110907,H,Rural,42,Rural-Distant,N
SUNNYVALE ISD,057919,D,Other Central City Suburban,41,Rural-Fringe,N
SUNRAY ISD,171902,H,Rural,42,Rural-Distant,N
SWEENY ISD,020906,D,Other Central City Suburban,32,Town-Distant,N
SWEET HOME ISD,143905,H,Rural,42,Rural-Distant,N
SWEETWATER ISD,177902,G,Non-metropolitan Stable,32,Town-Distant,N
TAFT ISD,205907,D,Other Central City Suburban,31,Town-Fringe,N
TAHOKA ISD,153904,H,Rural,32,Town-Distant,N
TARKINGTON ISD,146907,G,Non-metropolitan Stable,42,Rural-Distant,N
TATUM ISD,201910,D,Other Central City Suburban,42,Rural-Distant,N
TAYLOR ISD,246911,D,Other Central City Suburban,31,Town-Fringe,N
TEAGUE ISD,081904,G,Non-metropolitan Stable,33,Town-Remote,N
TEKOA ACADEMY OF ACCELERATED STUDI,123803,I,Charter School Districts,13,City-Small,Y
TEMPLE ISD,014909,D,Other Central City Suburban,13,City-Small,N
TENAHA ISD,210904,H,Rural,42,Rural-Distant,N
TERLINGUA CSD,022004,H,Rural,43,Rural-Remote,N
TERRELL COUNTY ISD,222901,H,Rural,43,Rural-Remote,N
TERRELL ISD,129906,C,Other Central City,32,Town-Distant,N
TEXANS CAN ACADEMIES,057804,I,Charter School Districts,11,City-Large,Y
TEXARKANA ISD,019907,E,Independent Town,13,City-Small,N
TEXAS CITY ISD,084906,D,Other Central City Suburban,22,Suburb-Midsize,N
TEXAS COLLEGE PREPARATORY ACADEMIE,221801,I,Charter School Districts,21,Suburb-Large,Y
TEXAS EMPOWERMENT ACADEMY,227805,I,Charter School Districts,11,City-Large,Y
TEXAS JUVENILE JUSTICE DEPARTMENT,227622,N/A,N/A,33,Town-Remote,N
TEXAS LEADERSHIP,226801,I,Charter School Districts,12,City-Midsize,Y
TEXAS PREPARATORY SCHOOL,105802,I,Charter School Districts,13,City-Small,Y
TEXAS SCH FOR THE BLIND & VISUALLY,227905,N/A,N/A,11,City-Large,N
TEXAS SCH FOR THE DEAF,227906,N/A,N/A,11,City-Large,N
TEXAS SCHOOL OF THE ARTS,220814,I,Charter School Districts,21,Suburb-Large,Y
TEXAS SERENITY ACADEMY,170801,I,Charter School Districts,21,Suburb-Large,Y
TEXHOMA ISD,211901,H,Rural,43,Rural-Remote,N
TEXLINE ISD,056902,H,Rural,43,Rural-Remote,N
THE EXCEL CENTER (FOR ADULTS),227827,I,Charter School Districts,11,City-Large,Y
THE GATHERING PLACE,015841,N/A,N/A,11,City-Large,Y
THE LAWSON ACADEMY,101864,I,Charter School Districts,11,City-Large,Y
THE PRO-VISION ACADEMY,101868,I,Charter School Districts,11,City-Large,Y
THE RHODES SCHOOL,101861,I,Charter School Districts,21,Suburb-Large,Y
THE VARNETT PUBLIC SCHOOL,101814,I,Charter School Districts,11,City-Large,Y
THORNDALE ISD,166905,H,Rural,42,Rural-Distant,N
THRALL ISD,246912,H,Rural,42,Rural-Distant,N
THREE RIVERS ISD,149902,H,Rural,43,Rural-Remote,N
THREE WAY ISD,072901,H,Rural,42,Rural-Distant,N
THROCKMORTON COLLEGIATE ISD,224901,H,Rural,43,Rural-Remote,N
TIDEHAVEN ISD,158902,G,Non-metropolitan Stable,42,Rural-Distant,N
TIMPSON ISD,210905,H,Rural,43,Rural-Remote,N
TIOGA ISD,091907,F,Non-metropolitan Fast Growing,42,Rural-Distant,N
TOLAR ISD,111903,E,Independent Town,42,Rural-Distant,N
TOM BEAN ISD,091918,H,Rural,42,Rural-Distant,N
TOMBALL ISD,101921,B,Major Suburban,21,Suburb-Large,N
TORNILLO ISD,071908,G,Non-metropolitan Stable,41,Rural-Fringe,N
TREETOPS SCHOOL INTERNATIONAL,220801,I,Charter School Districts,11,City-Large,Y
TRENT ISD,221905,H,Rural,42,Rural-Distant,N
TRENTON ISD,074912,F,Non-metropolitan Fast Growing,42,Rural-Distant,N
TRINIDAD ISD,107907,H,Rural,42,Rural-Distant,N
TRINITY BASIN PREPARATORY,057813,I,Charter School Districts,11,City-Large,Y
TRINITY CHARTER SCHOOL,046802,I,Charter School Districts,41,Rural-Fringe,Y
TRINITY ISD,228903,G,Non-metropolitan Stable,41,Rural-Fringe,N
TRIUMPH PUBLIC HIGH SCHOOLS-EL PAS,071803,I,Charter School Districts,11,City-Large,Y
TRIUMPH PUBLIC HIGH SCHOOLS-LAREDO,240801,I,Charter School Districts,11,City-Large,Y
TRIUMPH PUBLIC HIGH SCHOOLS-LUBBOC,152803,I,Charter School Districts,11,City-Large,Y
TRIUMPH PUBLIC HIGH SCHOOLS-RIO GR,108804,I,Charter School Districts,22,Suburb-Midsize,Y
TRIVIUM ACADEMY,061805,I,Charter School Districts,21,Suburb-Large,Y
TROUP ISD,212904,G,Non-metropolitan Stable,42,Rural-Distant,N
TROY ISD,014910,G,Non-metropolitan Stable,41,Rural-Fringe,N
TULIA ISD,219903,G,Non-metropolitan Stable,33,Town-Remote,N
TULOSO-MIDWAY ISD,178912,D,Other Central City Suburban,11,City-Large,N
TURKEY-QUITAQUE ISD,096905,H,Rural,43,Rural-Remote,N
TWO DIMENSIONS PREPARATORY ACADEMY,101840,I,Charter School Districts,11,City-Large,Y
TYLER ISD,212905,C,Other Central City,12,City-Midsize,N
UME PREPARATORY ACADEMY,057845,I,Charter School Districts,41,Rural-Fringe,Y
UNION GROVE ISD,230908,H,Rural,41,Rural-Fringe,N
UNION HILL ISD,230904,H,Rural,42,Rural-Distant,N
UNITED ISD,240903,C,Other Central City,11,City-Large,N
UNIVERSAL ACADEMY,057808,I,Charter School Districts,21,Suburb-Large,Y
UNIVERSITY OF HOUSTON CHARTER SCHO,101807,I,Charter School Districts,11,City-Large,Y
UNIVERSITY OF TEXAS AT AUSTIN H S,227506,B,Major Suburban,11,City-Large,N
UNIVERSITY OF TEXAS ELEMENTARY CHA,227819,I,Charter School Districts,11,City-Large,Y
UNIVERSITY OF TEXAS UNIVERSITY CHA,227806,I,Charter School Districts,11,City-Large,Y
UPLIFT EDUCATION,057803,I,Charter School Districts,11,City-Large,Y
UT TYLER UNIVERSITY ACADEMY,212804,I,Charter School Districts,12,City-Midsize,Y
UTOPIA ISD,232904,H,Rural,43,Rural-Remote,N
UTPB STEM ACADEMY,068803,I,Charter School Districts,12,City-Midsize,Y
UVALDE CISD,232903,E,Independent Town,33,Town-Remote,N
VALENTINE ISD,122902,H,Rural,43,Rural-Remote,N
VALLEY MILLS ISD,018904,H,Rural,42,Rural-Distant,N
VALLEY VIEW ISD,049903,H,Rural,42,Rural-Distant,N
VALLEY VIEW ISD,108916,D,Other Central City Suburban,21,Suburb-Large,N
VALOR PUBLIC SCHOOLS,227829,I,Charter School Districts,11,City-Large,Y
VAN ALSTYNE ISD,091908,D,Other Central City Suburban,41,Rural-Fringe,N
VAN ISD,234906,D,Other Central City Suburban,32,Town-Distant,N
VAN VLECK ISD,158906,G,Non-metropolitan Stable,41,Rural-Fringe,N
VANGUARD ACADEMY,108808,I,Charter School Districts,21,Suburb-Large,Y
VEGA ISD,180902,H,Rural,43,Rural-Remote,N
VENUS ISD,126908,D,Other Central City Suburban,31,Town-Fringe,N
VERIBEST ISD,226908,H,Rural,42,Rural-Distant,N
VERNON ISD,244903,G,Non-metropolitan Stable,33,Town-Remote,N
VICTORIA ISD,235902,E,Independent Town,13,City-Small,N
VIDOR ISD,181907,D,Other Central City Suburban,22,Suburb-Midsize,N
VILLAGE TECH SCHOOLS,057847,I,Charter School Districts,21,Suburb-Large,Y
VISTA DEL FUTURO CHARTER SCHOOL,071809,I,Charter School Districts,11,City-Large,Y
VYSEHRAD ISD,143904,H,Rural,43,Rural-Remote,N
WACO CHARTER SCHOOL,161801,I,Charter School Districts,12,City-Midsize,Y
WACO ISD,161914,C,Other Central City,12,City-Midsize,N
WAELDER ISD,089905,H,Rural,43,Rural-Remote,N
WALCOTT ISD,059902,H,Rural,43,Rural-Remote,N
WALL ISD,226906,D,Other Central City Suburban,41,Rural-Fringe,N
WALLER ISD,237904,E,Independent Town,42,Rural-Distant,N
WALNUT BEND ISD,049908,H,Rural,42,Rural-Distant,N
WALNUT SPRINGS ISD,018905,H,Rural,43,Rural-Remote,N
WARREN ISD,229904,G,Non-metropolitan Stable,42,Rural-Distant,N
WASKOM ISD,102903,H,Rural,42,Rural-Distant,N
WATER VALLEY ISD,226905,H,Rural,42,Rural-Distant,N
WAXAHACHIE FAITH FAMILY ACADEMY,070801,I,Charter School Districts,11,City-Large,Y
WAXAHACHIE ISD,070912,C,Other Central City,21,Suburb-Large,N
WAYSIDE SCHOOLS,227803,I,Charter School Districts,11,City-Large,Y
WEATHERFORD ISD,184903,C,Other Central City,31,Town-Fringe,N
WEBB CISD,240904,H,Rural,43,Rural-Remote,N
WEIMAR ISD,045905,H,Rural,42,Rural-Distant,N
WELLINGTON ISD,044902,H,Rural,43,Rural-Remote,N
WELLMAN-UNION CISD,223904,F,Non-metropolitan Fast Growing,42,Rural-Distant,N
WELLS ISD,037909,H,Rural,42,Rural-Distant,N
WESLACO ISD,108913,D,Other Central City Suburban,21,Suburb-Large,N
WEST HARDIN COUNTY CISD,100908,H,Rural,42,Rural-Distant,N
WEST ISD,161916,G,Non-metropolitan Stable,41,Rural-Fringe,N
WEST ORANGE-COVE CISD,181906,G,Non-metropolitan Stable,22,Suburb-Midsize,N
WEST OSO ISD,178915,D,Other Central City Suburban,11,City-Large,N
WEST RUSK COUNTY CONSOLIDATED ISD,201914,G,Non-metropolitan Stable,42,Rural-Distant,N
WEST SABINE ISD,202905,H,Rural,43,Rural-Remote,N
WESTBROOK ISD,168903,H,Rural,42,Rural-Distant,N
WESTHOFF ISD,062905,H,Rural,43,Rural-Remote,N
WESTLAKE ACADEMY CHARTER SCHOOL,220810,I,Charter School Districts,41,Rural-Fringe,Y
WESTPHALIA ISD,073904,H,Rural,42,Rural-Distant,N
WESTWOOD ISD,001908,G,Non-metropolitan Stable,32,Town-Distant,N
WHARTON ISD,241904,G,Non-metropolitan Stable,32,Town-Distant,N
WHEELER ISD,242903,H,Rural,43,Rural-Remote,N
WHITE DEER ISD,033904,H,Rural,43,Rural-Remote,N
WHITE OAK ISD,092908,D,Other Central City Suburban,23,Suburb-Small,N
WHITE SETTLEMENT ISD,220920,B,Major Suburban,41,Rural-Fringe,N
WHITEFACE CISD,040902,H,Rural,43,Rural-Remote,N
WHITEHOUSE ISD,212906,D,Other Central City Suburban,22,Suburb-Midsize,N
WHITESBORO ISD,091909,D,Other Central City Suburban,32,Town-Distant,N
WHITEWRIGHT ISD,091910,H,Rural,42,Rural-Distant,N
WHITHARRAL ISD,110908,H,Rural,42,Rural-Distant,N
WHITNEY ISD,109911,E,Independent Town,42,Rural-Distant,N
WICHITA FALLS ISD,243905,C,Other Central City,12,City-Midsize,N
WILDORADO ISD,180904,H,Rural,42,Rural-Distant,N
WILLIS ISD,170904,D,Other Central City Suburban,41,Rural-Fringe,N
WILLS POINT ISD,234907,D,Other Central City Suburban,32,Town-Distant,N
WILSON ISD,153907,H,Rural,42,Rural-Distant,N
WIMBERLEY ISD,105905,D,Other Central City Suburban,41,Rural-Fringe,N
WINDHAM SCHOOL DISTRICT,236903,N/A,N/A,32,Town-Distant,N
WINDTHORST ISD,005904,H,Rural,42,Rural-Distant,N
WINFREE ACADEMY CHARTER SCHOOLS,057828,I,Charter School Districts,21,Suburb-Large,Y
WINK-LOVING ISD,248902,H,Rural,42,Rural-Distant,N
WINNSBORO ISD,250907,E,Independent Town,32,Town-Distant,N
WINONA ISD,212910,D,Other Central City Suburban,41,Rural-Fringe,N
WINTERS ISD,200904,H,Rural,32,Town-Distant,N
WODEN ISD,174906,H,Rural,42,Rural-Distant,N
WOLFE CITY ISD,116909,H,Rural,43,Rural-Remote,N
WOODSBORO ISD,196902,H,Rural,42,Rural-Distant,N
WOODSON ISD,224902,H,Rural,43,Rural-Remote,N
WOODVILLE ISD,229903,G,Non-metropolitan Stable,33,Town-Remote,N
WORTHAM ISD,081905,H,Rural,42,Rural-Distant,N
WYLIE ISD,043914,D,Other Central City Suburban,21,Suburb-Large,N
WYLIE ISD,221912,D,Other Central City Suburban,12,City-Midsize,N
YANTIS ISD,250905,H,Rural,43,Rural-Remote,N
YELLOWSTONE COLLEGE PREPARATORY,101873,I,Charter School Districts,11,City-Large,Y
YES PREP PUBLIC SCHOOLS INC,101845,I,Charter School Districts,11,City-Large,Y
YOAKUM ISD,062903,G,Non-metropolitan Stable,32,Town-Distant,N
YORKTOWN ISD,062904,H,Rural,43,Rural-Remote,N
YSLETA ISD,071905,A,Major Urban,11,City-Large,N
ZAPATA COUNTY ISD,253901,D,Other Central City Suburban,33,Town-Remote,N
ZAVALLA ISD,003906,H,Rural,43,Rural-Remote,N
ZEPHYR ISD,025906,H,Rural,42,Rural-Distant,N