,,Unemployment Rate (percent),,,,,,,,,,,
FIPS ,Name,2012,2013,2014,2015,2016,2017,2018,2019,2020,Median Household Income (2019),,% of State Median HH Income
48000,Texas,6.7,6.3,5.2,4.5,4.6,4.3,3.9,3.5,7.6,"$64,044",,100.0%
48001,"Anderson County, TX",6.3,5.8,4.7,4.0,4.3,3.7,3.1,2.9,5.6,"$48,461",,75.7%
48003,"Andrews County, TX",4.0,3.8,3.0,3.5,4.7,3.1,2.4,2.3,8.2,"$74,918",,117.0%
48005,"Angelina County, TX",6.9,6.5,5.3,5.6,5.9,5.1,4.4,4.0,7.6,"$51,750",,80.8%
48007,"Aransas County, TX",6.9,6.6,5.6,5.1,5.6,6.9,6.0,4.3,8.5,"$53,085",,82.9%
48009,"Archer County, TX",5.5,5.3,4.6,4.5,4.3,3.4,3.1,2.8,5.3,"$63,731",,99.5%
48011,"Armstrong County, TX",4.4,4.0,3.3,2.7,2.8,2.6,2.7,2.7,4.3,"$64,424",,100.6%
48013,"Atascosa County, TX",6.7,6.3,5.0,4.8,5.3,4.3,3.8,3.6,8.4,"$57,309",,89.5%
48015,"Austin County, TX",6.4,5.9,4.8,4.6,5.3,4.4,3.7,3.4,6.6,"$68,311",,106.7%
48017,"Bailey County, TX",6.9,7.2,5.1,4.3,4.4,4.3,4.4,3.7,4.8,"$46,174",,72.1%
48019,"Bandera County, TX",6.5,6.1,4.8,4.0,4.1,3.6,3.4,3.3,5.8,"$59,604",,93.1%
48021,"Bastrop County, TX",6.6,6.2,4.9,3.9,3.7,3.6,3.4,3.1,6.0,"$62,627",,97.8%
48023,"Baylor County, TX",5.1,5.3,4.3,3.6,3.6,3.4,3.2,2.3,3.5,"$41,539",,64.9%
48025,"Bee County, TX",7.0,6.6,5.9,6.2,7.5,6.5,5.1,4.4,9.8,"$44,171",,69.0%
48027,"Bell County, TX",7.4,7.0,5.9,4.7,4.5,4.3,4.2,3.8,7.0,"$54,831",,85.6%
48029,"Bexar County, TX",6.3,5.9,4.7,3.8,3.8,3.6,3.4,3.1,7.5,"$58,956",,92.1%
48031,"Blanco County, TX",5.1,4.7,3.7,3.2,3.1,2.8,2.6,2.4,3.8,"$68,404",,106.8%
48033,"Borden County, TX",4.1,4.1,3.1,2.9,3.6,3.7,3.2,2.5,3.3,"$71,926",,112.3%
48035,"Bosque County, TX",7.2,6.5,5.2,4.5,4.3,4.0,3.7,3.4,5.5,"$55,179",,86.2%
48037,"Bowie County, TX",7.4,7.7,6.4,4.8,4.7,4.6,5.0,4.4,7.4,"$51,207",,80.0%
48039,"Brazoria County, TX",6.6,6.2,5.2,4.6,5.2,5.3,4.6,4.2,8.6,"$83,704",,130.7%
48041,"Brazos County, TX",5.2,4.9,4.0,3.3,3.5,3.1,2.9,2.7,5.3,"$54,471",,85.1%
48043,"Brewster County, TX",5.1,5.6,4.7,4.0,3.8,3.5,3.4,2.9,6.7,"$48,581",,75.9%
48045,"Briscoe County, TX",5.5,5.7,4.2,3.9,4.4,4.3,3.9,3.6,4.8,"$44,259",,69.1%
48047,"Brooks County, TX",8.7,9.1,7.8,10.0,11.8,8.3,6.4,5.1,10.7,"$31,410",,49.0%
48049,"Brown County, TX",6.7,6.5,5.2,4.4,4.4,3.9,3.7,3.7,6.5,"$56,040",,87.5%
48051,"Burleson County, TX",6.3,6.2,4.8,4.4,4.7,4.2,3.6,3.1,6.3,"$61,745",,96.4%
48053,"Burnet County, TX",5.9,5.5,4.4,3.7,3.5,3.2,2.9,2.7,4.7,"$62,827",,98.1%
48055,"Caldwell County, TX",7.1,6.6,5.3,4.4,4.3,3.9,3.7,3.4,6.3,"$55,301",,86.3%
48057,"Calhoun County, TX",7.3,6.2,4.8,4.0,5.6,5.8,4.1,3.2,5.8,"$55,909",,87.3%
48059,"Callahan County, TX",6.0,5.8,4.5,4.3,4.3,3.7,3.4,3.1,5.4,"$50,812",,79.3%
48061,"Cameron County, TX",10.2,10.0,8.4,7.2,7.2,7.0,6.2,5.5,10.2,"$40,893",,63.9%
48063,"Camp County, TX",8.0,7.4,6.2,6.2,6.9,5.7,4.9,4.2,7.4,"$47,091",,73.5%
48065,"Carson County, TX",4.5,4.5,3.4,3.2,3.3,3.2,2.8,2.6,4.2,"$69,760",,108.9%
48067,"Cass County, TX",9.1,9.3,7.7,6.8,7.2,6.0,5.1,4.3,7.9,"$44,529",,69.5%
48069,"Castro County, TX",4.3,4.7,4.0,3.4,3.1,3.3,2.9,2.8,3.6,"$51,736",,80.8%
48071,"Chambers County, TX",8.0,7.4,5.8,5.4,6.1,6.5,5.4,4.5,9.5,"$93,351",,145.8%
48073,"Cherokee County, TX",7.2,7.0,5.9,5.2,5.1,4.6,4.1,3.8,7.9,"$46,576",,72.7%
48075,"Childress County, TX",4.4,4.3,3.7,3.1,3.0,3.0,2.6,2.7,3.7,"$44,095",,68.9%
48077,"Clay County, TX",5.6,5.6,4.6,4.4,4.4,3.5,3.2,3.1,5.5,"$59,983",,93.7%
48079,"Cochran County, TX",7.5,6.7,5.2,5.2,5.0,4.6,4.4,3.5,7.1,"$43,742",,68.3%
48081,"Coke County, TX",5.0,5.1,4.4,4.1,4.1,3.7,3.4,3.2,5.5,"$48,435",,75.6%
48083,"Coleman County, TX",7.5,7.6,6.2,5.6,5.8,4.5,3.9,4.1,7.4,"$44,834",,70.0%
48085,"Collin County, TX",5.9,5.6,4.6,3.7,3.5,3.5,3.3,3.1,6.3,"$96,847",,151.2%
48087,"Collingsworth County, TX",4.9,5.2,4.1,3.7,3.5,3.6,3.1,3.1,4.3,"$40,314",,62.9%
48089,"Colorado County, TX",6.3,5.8,4.5,4.0,4.7,4.0,3.3,3.1,5.6,"$55,607",,86.8%
48091,"Comal County, TX",6.0,6.0,4.6,3.7,3.6,3.4,3.2,3.0,6.2,"$87,976",,137.4%
48093,"Comanche County, TX",6.3,5.9,4.9,4.3,4.3,3.7,3.6,3.2,5.5,"$54,122",,84.5%
48095,"Concho County, TX",4.2,4.0,3.0,3.3,3.4,4.2,3.6,3.2,4.5,"$43,321",,67.6%
48097,"Cooke County, TX",5.0,5.0,3.9,3.7,4.0,3.6,3.1,2.8,7.1,"$61,186",,95.5%
48099,"Coryell County, TX",7.3,7.2,6.0,4.8,4.7,4.4,4.2,4.0,6.6,"$53,083",,82.9%
48101,"Cottle County, TX",7.4,6.9,6.3,7.1,5.1,4.2,4.3,4.2,4.9,"$40,449",,63.2%
48103,"Crane County, TX",4.9,4.5,4.1,5.8,8.6,5.3,3.9,4.0,13.6,"$68,626",,107.2%
48105,"Crockett County, TX",5.0,5.2,3.8,6.0,7.5,4.1,2.9,2.9,8.9,"$54,165",,84.6%
48107,"Crosby County, TX",7.1,6.0,4.8,4.4,4.4,4.2,4.7,3.9,5.2,"$38,871",,60.7%
48109,"Culberson County, TX",6.0,5.1,4.2,4.2,4.1,3.7,3.1,4.1,6.5,"$44,462",,69.4%
48111,"Dallam County, TX",3.7,3.5,3.0,2.2,2.2,2.2,2.1,2.0,2.8,"$55,793",,87.1%
48113,"Dallas County, TX",7.1,6.6,5.5,4.3,4.0,3.9,3.8,3.5,7.7,"$61,807",,96.5%
48115,"Dawson County, TX",6.4,6.4,4.9,4.6,5.0,4.9,4.3,3.9,8.7,"$48,165",,75.2%
48117,"Deaf Smith County, TX",4.7,4.5,3.7,3.2,3.1,3.1,2.8,2.7,3.6,"$46,178",,72.1%
48119,"Delta County, TX",6.7,6.4,6.1,4.6,3.8,3.4,3.5,3.4,5.5,"$51,348",,80.2%
48121,"Denton County, TX",5.7,5.4,4.5,3.6,3.4,3.4,3.2,3.0,6.5,"$90,910",,141.9%
48123,"DeWitt County, TX",4.8,4.8,3.9,4.0,5.5,4.4,3.1,2.6,6.0,"$52,544",,82.0%
48125,"Dickens County, TX",10.6,9.4,6.3,4.7,4.9,4.9,4.3,4.3,6.3,"$41,973",,65.5%
48127,"Dimmit County, TX",5.8,5.1,3.8,4.7,7.1,5.1,3.0,2.5,6.4,"$40,315",,62.9%
48129,"Donley County, TX",5.9,5.1,4.9,4.2,4.0,3.7,3.5,3.4,4.4,"$41,093",,64.2%
48131,"Duval County, TX",7.0,6.4,5.6,8.1,10.9,7.7,5.3,4.4,12.1,"$37,100",,57.9%
48133,"Eastland County, TX",6.6,6.1,4.9,4.8,5.5,4.3,3.4,3.3,6.7,"$46,991",,73.4%
48135,"Ector County, TX",4.6,4.4,3.5,4.7,6.4,4.1,2.7,2.7,11.0,"$65,564",,102.4%
48137,"Edwards County, TX",6.4,5.9,4.4,4.6,4.6,3.2,2.8,2.3,3.5,"$40,424",,63.1%
48139,"Ellis County, TX",6.7,6.2,5.0,4.0,3.8,3.5,3.3,3.1,6.0,"$78,341",,122.3%
48141,"El Paso County, TX",8.5,8.0,6.5,5.2,5.0,4.7,4.2,3.8,8.3,"$48,629",,75.9%
48143,"Erath County, TX",5.5,5.4,4.3,4.0,4.1,3.4,3.1,3.2,5.7,"$53,044",,82.8%
48145,"Falls County, TX",7.3,7.1,5.6,4.3,4.4,4.3,3.9,3.3,6.0,"$41,484",,64.8%
48147,"Fannin County, TX",7.0,7.0,5.4,4.1,3.8,3.4,3.1,2.7,4.7,"$56,123",,87.6%
48149,"Fayette County, TX",4.8,4.5,3.5,3.3,3.7,3.2,2.8,2.6,4.7,"$62,195",,97.1%
48151,"Fisher County, TX",5.4,5.5,4.6,3.9,4.3,3.6,3.2,2.9,4.5,"$51,053",,79.7%
48153,"Floyd County, TX",6.4,8.9,7.2,5.6,5.0,5.5,5.2,4.4,6.2,"$45,022",,70.3%
48155,"Foard County, TX",5.8,5.2,4.3,4.2,3.7,3.5,2.9,2.9,4.2,"$38,615",,60.3%
48157,"Fort Bend County, TX",5.9,5.5,4.6,4.3,5.0,4.7,4.0,3.5,7.7,"$101,361",,158.3%
48159,"Franklin County, TX",7.4,6.6,5.2,4.9,4.9,4.7,4.2,3.6,5.3,"$50,630",,79.1%
48161,"Freestone County, TX",6.7,7.0,5.7,5.5,6.7,6.4,5.9,4.8,8.3,"$52,511",,82.0%
48163,"Frio County, TX",5.0,4.7,3.6,3.9,4.9,4.0,2.9,2.6,5.7,"$40,360",,63.0%
48165,"Gaines County, TX",4.2,4.2,3.3,3.3,3.7,3.1,2.6,2.4,5.6,"$67,171",,104.9%
48167,"Galveston County, TX",7.6,6.9,5.7,5.0,5.3,5.3,4.7,4.0,8.7,"$73,214",,114.3%
48169,"Garza County, TX",4.9,4.6,3.7,3.7,3.9,3.3,3.0,2.6,6.8,"$48,975",,76.5%
48171,"Gillespie County, TX",4.7,4.4,3.6,2.9,2.8,2.6,2.6,2.4,4.8,"$62,143",,97.0%
48173,"Glasscock County, TX",3.9,3.6,2.7,2.8,3.9,2.7,2.1,2.3,3.6,"$93,759",,146.4%
48175,"Goliad County, TX",5.5,5.2,4.2,4.5,5.8,4.9,3.8,3.4,7.7,"$56,758",,88.6%
48177,"Gonzales County, TX",5.0,5.2,3.9,3.7,4.2,3.5,3.0,2.7,5.4,"$48,425",,75.6%
48179,"Gray County, TX",5.6,5.2,4.1,5.7,6.9,5.3,3.9,3.6,8.1,"$52,543",,82.0%
48181,"Grayson County, TX",6.8,6.3,4.9,4.1,3.9,3.6,3.3,3.1,5.9,"$57,439",,89.7%
48183,"Gregg County, TX",6.2,6.0,4.9,5.0,6.1,5.2,4.1,3.7,8.3,"$53,137",,83.0%
48185,"Grimes County, TX",6.4,6.1,4.8,5.4,6.6,5.4,4.1,4.0,8.0,"$51,651",,80.6%
48187,"Guadalupe County, TX",5.6,5.5,4.4,3.6,3.6,3.4,3.2,3.0,6.1,"$78,801",,123.0%
48189,"Hale County, TX",6.9,13.4,9.5,6.4,5.6,5.2,4.8,4.4,6.8,"$49,187",,76.8%
48191,"Hall County, TX",7.8,7.1,6.3,5.4,6.7,6.2,4.4,4.1,5.8,"$35,940",,56.1%
48193,"Hamilton County, TX",5.8,6.0,4.7,4.7,4.9,4.0,3.3,3.0,4.5,"$52,505",,82.0%
48195,"Hansford County, TX",3.4,3.3,2.6,3.0,3.1,2.6,2.3,2.3,3.5,"$58,703",,91.7%
48197,"Hardeman County, TX",5.9,5.8,5.0,4.9,3.9,4.0,3.6,3.0,4.4,"$40,057",,62.5%
48199,"Hardin County, TX",8.4,8.1,6.4,5.7,6.1,6.2,5.2,4.6,9.0,"$62,616",,97.8%
48201,"Harris County, TX",6.6,6.1,5.1,4.7,5.3,5.1,4.4,3.9,8.9,"$61,638",,96.2%
48203,"Harrison County, TX",7.4,6.9,5.6,5.3,6.0,5.3,4.4,4.0,7.9,"$55,171",,86.1%
48205,"Hartley County, TX",3.3,3.2,2.6,2.1,2.0,2.0,1.8,1.6,2.1,"$72,796",,113.7%
48207,"Haskell County, TX",5.3,5.0,4.0,3.5,4.2,4.8,3.9,3.2,4.3,"$38,613",,60.3%
48209,"Hays County, TX",5.8,5.4,4.3,3.5,3.3,3.2,3.0,2.8,6.3,"$72,890",,113.8%
48211,"Hemphill County, TX",2.9,3.0,2.4,3.2,3.7,2.5,2.1,2.6,4.4,"$71,299",,111.3%
48213,"Henderson County, TX",7.5,7.2,5.7,4.9,4.7,4.2,3.8,3.5,6.4,"$49,896",,77.9%
48215,"Hidalgo County, TX",10.5,10.4,8.9,8.0,7.8,7.5,6.6,6.3,11.6,"$41,656",,65.0%
48217,"Hill County, TX",6.9,6.5,5.3,4.6,4.4,4.0,3.7,3.3,6.3,"$53,210",,83.1%
48219,"Hockley County, TX",5.3,5.1,3.9,4.2,4.7,3.7,3.1,2.9,7.9,"$51,149",,79.9%
48221,"Hood County, TX",6.5,6.1,5.0,4.5,4.7,4.2,3.7,3.4,6.6,"$74,534",,116.4%
48223,"Hopkins County, TX",6.4,5.8,4.8,4.2,4.0,3.6,3.4,3.1,5.1,"$50,332",,78.6%
48225,"Houston County, TX",7.0,6.3,5.0,4.5,4.6,4.4,3.7,3.1,5.3,"$43,601",,68.1%
48227,"Howard County, TX",5.6,5.4,4.4,4.6,5.5,4.3,3.3,3.1,8.1,"$61,112",,95.4%
48229,"Hudspeth County, TX",7.4,7.0,6.4,5.7,6.0,5.8,4.6,4.4,8.0,"$39,309",,61.4%
48231,"Hunt County, TX",8.2,7.5,6.0,4.8,4.3,4.0,3.8,3.6,6.5,"$57,513",,89.8%
48233,"Hutchinson County, TX",6.5,6.2,4.4,4.4,5.6,6.1,5.0,4.4,7.2,"$57,936",,90.5%
48235,"Irion County, TX",4.5,4.2,3.7,3.6,3.2,3.2,3.1,2.4,6.0,"$68,630",,107.2%
48237,"Jack County, TX",5.7,5.4,3.8,4.2,5.0,3.7,2.5,3.1,7.0,"$55,358",,86.4%
48239,"Jackson County, TX",5.1,5.0,4.0,3.8,4.7,4.0,3.3,3.0,5.8,"$55,800",,87.1%
48241,"Jasper County, TX",10.6,10.5,8.3,7.5,7.7,7.5,6.6,6.1,11.2,"$47,252",,73.8%
48243,"Jeff Davis County, TX",4.9,4.1,3.7,3.3,3.0,3.2,2.9,3.0,5.1,"$53,362",,83.3%
48245,"Jefferson County, TX",11.0,11.0,8.4,7.0,7.0,7.4,6.4,5.8,11.9,"$55,173",,86.1%
48247,"Jim Hogg County, TX",6.5,7.2,6.1,7.2,9.6,7.3,5.7,4.8,9.5,"$38,788",,60.6%
48249,"Jim Wells County, TX",6.1,6.2,5.3,7.9,10.6,7.6,5.5,4.7,13.0,"$44,444",,69.4%
48251,"Johnson County, TX",6.6,6.2,5.1,4.4,4.4,3.8,3.5,3.2,6.5,"$66,538",,103.9%
48253,"Jones County, TX",7.2,6.8,5.6,5.5,5.8,5.4,4.8,4.2,7.0,"$51,094",,79.8%
48255,"Karnes County, TX",6.0,5.4,3.7,4.3,4.9,3.5,2.9,2.5,6.3,"$54,843",,85.6%
48257,"Kaufman County, TX",6.9,6.4,5.2,4.1,3.8,3.6,3.5,3.2,6.5,"$75,009",,117.1%
48259,"Kendall County, TX",5.4,5.1,4.1,3.3,3.2,3.1,2.9,2.7,5.0,"$94,899",,148.2%
48261,"Kenedy County, TX",5.1,4.1,3.0,3.2,4.6,3.3,3.7,3.5,5.4,"$46,132",,72.0%
48263,"Kent County, TX",3.8,4.0,3.5,2.6,3.0,2.6,2.4,2.3,3.9,"$52,591",,82.1%
48265,"Kerr County, TX",5.8,5.6,4.4,3.7,3.6,3.4,3.2,2.9,5.9,"$57,789",,90.2%
48267,"Kimble County, TX",4.9,4.9,3.9,3.7,3.8,3.5,3.0,3.0,5.1,"$44,757",,69.9%
48269,"King County, TX",4.5,4.6,4.0,3.5,3.9,3.6,2.8,2.1,1.7,"$71,256",,111.3%
48271,"Kinney County, TX",8.7,9.6,7.3,6.4,5.8,5.6,4.4,3.6,6.0,"$47,076",,73.5%
48273,"Kleberg County, TX",6.9,6.5,5.5,5.9,6.7,6.0,5.0,4.3,8.4,"$47,169",,73.7%
48275,"Knox County, TX",5.2,5.4,4.4,3.8,4.2,4.0,3.6,3.2,5.6,"$40,808",,63.7%
48277,"Lamar County, TX",9.2,8.2,6.2,4.8,4.6,4.2,3.8,3.4,6.5,"$47,061",,73.5%
48279,"Lamb County, TX",7.9,6.9,5.9,9.0,6.5,5.2,4.4,3.8,5.2,"$42,719",,66.7%
48281,"Lampasas County, TX",7.1,7.2,5.7,4.4,4.2,3.8,3.8,3.3,5.4,"$58,817",,91.8%
48283,"La Salle County, TX",4.4,3.8,3.1,4.2,5.1,3.7,2.4,2.4,6.8,"$41,683",,65.1%
48285,"Lavaca County, TX",4.8,4.7,4.0,3.8,4.2,3.6,3.1,3.0,5.2,"$52,632",,82.2%
48287,"Lee County, TX",5.4,5.1,4.0,3.6,3.8,3.3,3.1,2.6,4.9,"$59,250",,92.5%
48289,"Leon County, TX",7.3,7.0,5.4,5.4,6.5,6.4,5.0,4.4,7.8,"$50,522",,78.9%
48291,"Liberty County, TX",9.5,9.0,7.3,7.0,7.5,7.2,5.8,5.0,10.6,"$53,274",,83.2%
48293,"Limestone County, TX",6.8,6.8,5.9,5.1,5.6,5.6,4.7,3.8,7.1,"$43,644",,68.1%
48295,"Lipscomb County, TX",3.8,4.0,3.4,3.9,4.4,3.2,2.7,2.6,4.2,"$65,388",,102.1%
48297,"Live Oak County, TX",4.6,4.4,3.6,4.0,5.9,4.7,3.8,3.1,7.5,"$54,163",,84.6%
48299,"Llano County, TX",6.7,6.5,5.2,4.3,4.2,3.8,3.7,3.5,5.7,"$55,617",,86.8%
48301,"Loving County, TX",6.0,5.3,5.1,5.2,4.7,5.0,1.5,0.8,1.7,"$88,487",,138.2%
48303,"Lubbock County, TX",5.3,5.0,4.0,3.4,3.4,3.2,3.1,2.8,5.7,"$54,733",,85.5%
48305,"Lynn County, TX",6.0,5.3,4.4,4.1,4.0,3.8,3.3,3.0,5.4,"$45,737",,71.4%
48307,"McCulloch County, TX",5.4,5.3,4.3,4.8,4.5,3.6,3.3,5.2,7.5,"$43,262",,67.6%
48309,"McLennan County, TX",6.6,6.2,5.1,4.1,4.0,3.9,3.6,3.3,6.2,"$51,078",,79.8%
48311,"McMullen County, TX",2.3,2.7,2.0,2.1,2.1,1.9,2.0,1.6,2.8,"$68,349",,106.7%
48313,"Madison County, TX",7.0,6.5,4.9,4.3,5.1,4.8,4.4,4.2,7.2,"$46,274",,72.3%
48315,"Marion County, TX",9.1,8.1,6.5,6.5,7.0,5.7,4.5,4.2,8.2,"$37,876",,59.1%
48317,"Martin County, TX",4.5,4.3,3.4,3.5,4.4,3.2,2.5,2.6,6.1,"$68,745",,107.3%
48319,"Mason County, TX",5.2,5.5,4.6,3.9,3.6,3.4,3.1,3.2,5.6,"$54,914",,85.7%
48321,"Matagorda County, TX",10.1,9.8,8.0,6.8,7.3,7.3,6.2,5.7,10.5,"$49,276",,76.9%
48323,"Maverick County, TX",12.4,12.6,11.1,10.7,11.3,9.4,8.2,7.6,15.0,"$40,017",,62.5%
48325,"Medina County, TX",6.5,6.1,5.0,4.4,4.4,3.9,3.5,3.2,6.3,"$60,695",,94.8%
48327,"Menard County, TX",6.3,5.9,4.8,5.3,4.5,4.8,4.1,3.5,5.2,"$38,425",,60.0%
48329,"Midland County, TX",3.9,3.7,2.9,3.5,4.4,3.0,2.1,2.1,8.1,"$85,811",,134.0%
48331,"Milam County, TX",8.5,7.9,6.3,5.3,5.2,5.1,5.5,5.0,7.1,"$48,989",,76.5%
48333,"Mills County, TX",5.4,5.3,4.4,3.7,4.2,3.6,3.5,3.2,4.1,"$46,876",,73.2%
48335,"Mitchell County, TX",5.9,5.6,4.3,5.7,7.0,5.5,4.2,3.7,7.9,"$44,457",,69.4%
48337,"Montague County, TX",5.4,5.0,4.0,4.3,5.0,4.0,3.2,2.9,6.6,"$53,649",,83.8%
48339,"Montgomery County, TX",5.9,5.5,4.5,4.3,4.9,4.4,3.8,3.4,7.5,"$88,833",,138.7%
48341,"Moore County, TX",4.3,4.3,3.5,3.1,3.0,2.9,2.7,2.3,3.8,"$55,099",,86.0%
48343,"Morris County, TX",9.7,9.7,7.9,8.9,10.9,8.7,6.6,5.3,11.4,"$43,304",,67.6%
48345,"Motley County, TX",6.0,6.0,4.2,3.7,3.5,3.6,3.7,3.4,4.6,"$40,217",,62.8%
48347,"Nacogdoches County, TX",6.6,6.6,5.4,4.7,4.7,4.3,3.9,3.7,6.6,"$46,207",,72.1%
48349,"Navarro County, TX",7.2,6.6,5.3,4.2,4.2,4.0,3.7,3.3,6.2,"$48,649",,76.0%
48351,"Newton County, TX",11.0,10.8,8.4,7.6,7.9,8.0,6.7,6.3,11.0,"$45,890",,71.7%
48353,"Nolan County, TX",5.9,5.7,4.3,4.1,4.8,4.1,3.3,2.9,5.3,"$46,389",,72.4%
48355,"Nueces County, TX",6.5,6.2,5.2,5.0,5.6,5.4,4.7,4.1,9.0,"$56,079",,87.6%
48357,"Ochiltree County, TX",3.8,3.8,3.0,4.3,5.3,3.6,2.8,2.7,5.8,"$62,567",,97.7%
48359,"Oldham County, TX",4.2,4.5,3.7,3.0,3.0,2.5,2.6,2.9,3.9,"$59,404",,92.8%
48361,"Orange County, TX",10.4,10.5,8.1,6.6,6.7,7.0,5.8,5.1,10.5,"$62,976",,98.3%
48363,"Palo Pinto County, TX",6.7,6.6,5.2,5.2,5.5,4.1,3.4,3.1,7.0,"$50,159",,78.3%
48365,"Panola County, TX",6.8,6.2,5.0,5.3,7.2,5.5,4.2,4.0,8.4,"$56,882",,88.8%
48367,"Parker County, TX",5.9,5.6,4.6,4.2,4.1,3.5,3.1,2.9,5.9,"$82,501",,128.8%
48369,"Parmer County, TX",4.1,3.9,3.1,2.4,2.5,2.5,2.4,2.2,2.6,"$50,607",,79.0%
48371,"Pecos County, TX",5.1,5.5,4.2,5.2,5.9,4.7,3.7,3.3,8.1,"$52,763",,82.4%
48373,"Polk County, TX",8.0,7.8,6.5,6.1,6.3,6.1,5.1,4.8,8.7,"$50,416",,78.7%
48375,"Potter County, TX",5.3,5.1,4.0,3.4,3.4,3.2,2.9,2.7,5.5,"$41,138",,64.2%
48377,"Presidio County, TX",13.2,13.0,11.8,10.7,10.7,9.5,7.0,6.4,14.7,"$33,499",,52.3%
48379,"Rains County, TX",6.9,6.2,5.0,4.6,4.0,3.6,3.5,3.0,4.7,"$65,657",,102.5%
48381,"Randall County, TX",4.4,4.3,3.5,2.9,3.0,2.8,2.6,2.4,4.5,"$70,694",,110.4%
48383,"Reagan County, TX",3.4,4.0,3.2,4.6,6.2,3.8,2.5,2.6,9.7,"$67,384",,105.2%
48385,"Real County, TX",9.3,8.1,6.3,5.2,5.7,5.7,5.1,4.0,6.7,"$40,834",,63.8%
48387,"Red River County, TX",10.6,10.1,7.9,6.4,5.8,5.3,5.4,4.6,6.4,"$41,325",,64.5%
48389,"Reeves County, TX",6.7,5.8,4.1,4.8,5.3,3.6,2.1,1.8,7.1,"$48,990",,76.5%
48391,"Refugio County, TX",6.0,5.4,4.3,5.4,6.6,5.6,4.6,3.7,8.2,"$46,883",,73.2%
48393,"Roberts County, TX",4.9,4.5,3.8,3.9,4.5,3.9,2.8,2.9,4.6,"$70,705",,110.4%
48395,"Robertson County, TX",8.0,7.1,5.4,4.8,5.1,4.8,4.2,3.6,6.4,"$47,016",,73.4%
48397,"Rockwall County, TX",6.1,5.8,4.6,3.8,3.5,3.4,3.2,3.1,6.0,"$105,763",,165.1%
48399,"Runnels County, TX",5.5,5.3,4.3,3.7,4.0,3.7,3.1,2.8,4.9,"$48,650",,76.0%
48401,"Rusk County, TX",6.2,6.3,5.0,4.8,5.8,5.1,4.1,3.6,7.3,"$56,036",,87.5%
48403,"Sabine County, TX",14.4,13.0,10.7,9.4,9.4,8.6,8.0,6.6,10.8,"$43,778",,68.4%
48405,"San Augustine County, TX",12.0,11.7,9.7,9.1,8.9,7.5,6.5,4.7,9.6,"$40,094",,62.6%
48407,"San Jacinto County, TX",8.2,7.6,5.8,5.6,6.3,5.7,5.0,4.6,8.1,"$42,633",,66.6%
48409,"San Patricio County, TX",7.5,7.2,6.3,6.6,7.5,7.7,6.4,5.5,10.3,"$57,302",,89.5%
48411,"San Saba County, TX",6.2,5.8,4.2,3.7,3.4,3.2,3.1,2.9,5.2,"$46,061",,71.9%
48413,"Schleicher County, TX",4.0,3.6,3.0,5.3,5.2,3.7,2.8,2.8,6.9,"$53,286",,83.2%
48415,"Scurry County, TX",4.4,4.2,3.4,4.2,5.9,4.4,3.4,3.2,8.2,"$56,299",,87.9%
48417,"Shackelford County, TX",3.5,3.3,2.8,2.9,3.8,3.0,2.3,2.2,5.3,"$65,095",,101.6%
48419,"Shelby County, TX",7.2,7.5,5.9,5.3,6.0,5.2,4.3,3.9,6.8,"$39,708",,62.0%
48421,"Sherman County, TX",4.1,4.1,3.2,2.7,3.0,3.1,2.6,2.3,3.1,"$55,473",,86.6%
48423,"Smith County, TX",7.0,6.6,5.3,4.5,4.5,4.1,3.7,3.3,6.8,"$59,538",,93.0%
48425,"Somervell County, TX",6.6,6.1,5.2,5.1,4.8,4.6,4.1,3.6,6.5,"$67,897",,106.0%
48427,"Starr County, TX",14.4,15.1,13.8,13.6,13.4,11.8,10.2,9.9,17.3,"$32,516",,50.8%
48429,"Stephens County, TX",5.9,5.2,4.4,4.2,5.3,4.6,3.6,3.0,6.1,"$46,658",,72.9%
48431,"Sterling County, TX",3.5,3.9,3.0,3.5,3.9,3.7,3.4,3.1,6.4,"$66,790",,104.3%
48433,"Stonewall County, TX",4.3,4.8,3.9,4.4,4.4,3.6,3.4,2.9,5.0,"$48,267",,75.4%
48435,"Sutton County, TX",4.8,4.6,3.6,6.1,8.0,5.1,3.8,3.7,9.8,"$63,427",,99.0%
48437,"Swisher County, TX",5.9,8.5,6.2,4.8,4.3,4.1,4.3,3.6,5.2,"$44,388",,69.3%
48439,"Tarrant County, TX",6.5,6.1,5.1,4.2,4.0,3.7,3.5,3.3,7.3,"$70,130",,109.5%
48441,"Taylor County, TX",5.6,5.3,4.3,3.7,3.7,3.6,3.2,2.9,5.5,"$54,465",,85.0%
48443,"Terrell County, TX",4.6,5.0,4.6,4.8,4.2,4.8,3.4,3.4,4.6,"$45,677",,71.3%
48445,"Terry County, TX",6.5,6.0,4.4,4.7,4.8,5.1,4.1,3.6,7.3,"$42,953",,67.1%
48447,"Throckmorton County, TX",5.3,5.0,4.0,3.2,3.5,4.3,3.3,3.7,4.9,"$42,746",,66.7%
48449,"Titus County, TX",7.5,7.5,6.4,5.8,6.2,5.4,5.1,4.1,6.7,"$49,924",,78.0%
48451,"Tom Green County, TX",5.3,5.2,4.1,4.1,4.5,3.7,3.2,3.0,6.3,"$54,774",,85.5%
48453,"Travis County, TX",5.5,5.1,4.1,3.3,3.2,3.1,2.9,2.6,6.3,"$80,690",,126.0%
48455,"Trinity County, TX",8.2,7.5,6.1,5.9,6.1,5.6,5.2,4.8,8.1,"$43,788",,68.4%
48457,"Tyler County, TX",10.6,10.3,8.1,7.1,7.3,7.4,6.6,5.7,9.9,"$48,254",,75.3%
48459,"Upshur County, TX",6.7,6.4,5.2,5.3,6.4,5.3,4.2,3.7,7.7,"$53,078",,82.9%
48461,"Upton County, TX",4.0,4.2,3.3,3.9,5.3,3.7,3.4,3.0,5.6,"$58,908",,92.0%
48463,"Uvalde County, TX",7.9,7.1,5.8,5.1,5.3,4.7,4.3,3.8,6.4,"$44,690",,69.8%
48465,"Val Verde County, TX",7.6,7.5,5.8,6.0,6.3,5.1,3.9,3.3,7.9,"$45,034",,70.3%
48467,"Van Zandt County, TX",6.9,6.6,5.4,4.5,4.3,3.8,3.5,3.3,6.1,"$55,554",,86.7%
48469,"Victoria County, TX",5.6,5.4,4.2,4.2,5.4,4.9,3.9,3.5,8.3,"$57,344",,89.5%
48471,"Walker County, TX",6.9,6.7,5.5,5.1,5.3,4.7,4.2,3.9,7.2,"$47,519",,74.2%
48473,"Waller County, TX",7.0,6.5,5.2,4.8,5.6,4.9,4.3,3.7,7.8,"$61,822",,96.5%
48475,"Ward County, TX",4.8,4.7,3.6,4.3,5.7,4.1,2.6,2.4,9.4,"$61,396",,95.9%
48477,"Washington County, TX",5.6,5.5,4.7,4.8,5.1,4.2,3.6,3.4,5.6,"$59,039",,92.2%
48479,"Webb County, TX",6.4,6.2,5.2,4.8,4.9,4.2,3.8,3.7,8.5,"$52,576",,82.1%
48481,"Wharton County, TX",6.7,6.0,4.7,4.4,5.0,4.5,3.7,3.4,6.8,"$49,901",,77.9%
48483,"Wheeler County, TX",4.3,4.3,3.6,3.9,4.8,4.0,3.2,3.0,6.0,"$58,544",,91.4%
48485,"Wichita County, TX",6.0,5.9,4.9,4.3,4.4,3.7,3.4,3.2,6.7,"$51,535",,80.5%
48487,"Wilbarger County, TX",6.0,5.8,5.0,4.9,4.7,4.7,4.2,3.6,5.9,"$42,570",,66.5%
48489,"Willacy County, TX",15.7,15.9,12.5,13.1,12.3,11.1,9.9,8.2,12.0,"$35,821",,55.9%
48491,"Williamson County, TX",5.8,5.3,4.4,3.5,3.4,3.3,3.1,2.8,5.9,"$92,661",,144.7%
48493,"Wilson County, TX",5.5,5.3,4.2,3.8,3.9,3.5,3.1,2.8,5.7,"$76,905",,120.1%
48495,"Winkler County, TX",5.6,5.3,4.4,5.7,7.7,5.2,2.9,2.9,9.3,"$64,894",,101.3%
48497,"Wise County, TX",6.4,6.0,4.9,4.7,4.7,4.0,3.5,3.2,6.5,"$70,468",,110.0%
48499,"Wood County, TX",7.8,7.3,6.0,5.3,5.3,4.7,4.3,3.9,6.6,"$56,945",,88.9%
48501,"Yoakum County, TX",4.0,3.9,3.1,3.8,4.8,3.6,2.9,2.9,11.9,"$62,636",,97.8%
48503,"Young County, TX",5.7,5.2,4.1,4.3,4.4,3.8,3.2,3.0,5.3,"$52,643",,82.2%
48505,"Zapata County, TX",6.3,6.3,5.3,7.7,10.8,7.5,5.6,5.0,12.4,"$36,069",,56.3%
48507,"Zavala County, TX",13.4,14.6,12.3,11.3,13.9,11.3,9.7,8.4,14.1,"$32,538",,50.8%